2018/10/01,1728,ミサワ中国,1000,100
2018/10/01,2894,石井食,1000,100
2018/10/01,2917,大森屋,1000,100
2018/10/01,3528,プロスペクト,1000,100
2018/10/01,3861,王子ＨＤ,1000,100
2018/10/01,4005,住友化,1000,100
2018/10/01,5194,相模ゴム,1000,100
2018/10/01,6101,ツガミ,1000,100
2018/10/01,6747,ＫＩＨＤ,1000,100
2018/10/01,6807,航空電,1000,100
2018/10/01,7268,タツミ,1000,100
2018/10/01,7486,サンリン,1000,100
2018/10/01,7612,Ｎｕｔｓ,1000,100
2018/10/01,7760,ＩＭＶ,1000,100
2018/10/01,7771,日本精密,1000,100
2018/10/01,8217,オークワ,1000,100
2018/10/01,8609,岡　三,1000,100
2018/10/01,8614,東洋証,1000,100
2018/10/01,8830,住友不,1000,100
2018/10/01,9171,栗林船,1000,100
2018/10/01,9685,ＫＹＣＯＭ,1000,100
2018/10/01,9845,パーカー,1000,100
2018/10/01,9850,グルメ杵屋,1000,100
2018/09/26,1775,ＦＦＥ＆Ｃ,1000,100
2018/09/26,1776,三住道路,1000,100
2018/09/26,1787,ナカボーテック,1000,100
2018/09/26,1812,鹿　島,1000,100
2018/09/26,1822,大豊建,1000,100
2018/09/26,1850,南海辰村,1000,100
2018/09/26,1852,浅沼組,1000,100
2018/09/26,1866,北野建,1000,100
2018/09/26,2281,プリマハム,1000,100
2018/09/26,2288,丸大食,1000,100
2018/09/26,2831,はごろも,1000,100
2018/09/26,2899,永谷園ＨＤ,1000,100
2018/09/26,2911,旭松食,1000,100
2018/09/26,3106,クラボウ,1000,100
2018/09/26,3111,オーミケンシ,1000,100
2018/09/26,3209,カネヨウ,1000,100
2018/09/26,3442,ＭＩＥコーポ,1000,100
2018/09/26,3513,イチカワ,1000,100
2018/09/26,3578,倉庫精,1000,100
2018/09/26,3878,巴川紙,1000,100
2018/09/26,4041,日曹達,1000,100
2018/09/26,4118,カネカ,1000,100
2018/09/26,4120,スガイ化,1000,100
2018/09/26,4203,住友ベ,1000,100
2018/09/26,4222,児玉化,1000,100
2018/09/26,4349,テスク,1000,100
2018/09/26,4461,一工薬,1000,100
2018/09/26,4623,アサヒペン,1000,100
2018/09/26,4628,エスケー化研,1000,100
2018/09/26,4690,日パレット,1000,100
2018/09/26,5008,東亜石,1000,100
2018/09/26,5122,オカモト,1000,100
2018/09/26,5189,桜ゴム,1000,100
2018/09/26,5192,三星ベ,1000,100
2018/09/26,5210,日山村硝,1000,100
2018/09/26,5232,住阪セメ,1000,100
2018/09/26,5342,ジャニス,1000,100
2018/09/26,5355,ルツボ,1000,100
2018/09/26,5393,ニチアス,1000,100
2018/09/26,5612,鋳鉄管,1000,100
2018/09/26,5644,メタルアート,1000,100
2018/09/26,5902,ホッカンＨＤ,1000,100
2018/09/26,6104,東芝機,1000,100
2018/09/26,6131,浜井産,1000,100
2018/09/26,6135,牧野フ,1000,100
2018/09/26,6218,エンシュウ,1000,100
2018/09/26,6343,フリージアマク,1000,100
2018/09/26,6346,キクカワ,1000,100
2018/09/26,6347,プラコー,1000,100
2018/09/26,6355,住友精,1000,100
2018/09/26,6371,椿本チ,1000,100
2018/09/26,6380,オリチエン,1000,100
2018/09/26,6408,小倉クラ,1000,100
2018/09/26,6416,桂川電,1000,100
2018/09/26,6501,日　立,1000,100
2018/09/26,6502,東　芝,1000,100
2018/09/26,6504,富士電機,1000,100
2018/09/26,6507,シンフォニア,1000,100
2018/09/26,6508,明電舎,1000,100
2018/09/26,6588,東芝テック,1000,100
2018/09/26,6590,芝浦メカ,1000,100
2018/09/26,6622,ダイヘン,1000,100
2018/09/26,6674,ＧＳユアサ,1000,100
2018/09/26,6702,富士通,1000,100
2018/09/26,6707,サンケン電,1000,100
2018/09/26,6709,明星電,1000,100
2018/09/26,6771,池上通,1000,100
2018/09/26,6772,コスモス電,1000,100
2018/09/26,6775,ＴＢグループ,1000,100
2018/09/26,6796,クラリオン,1000,100
2018/09/26,6798,ＳＭＫ,1000,100
2018/09/26,6803,ティアック,1000,100
2018/09/26,6815,ユニデンＨＤ,1000,100
2018/09/26,6822,大井電気,1000,100
2018/09/26,6838,多摩川ＨＤ,1000,100
2018/09/26,6840,ＡＫＩＢＡ,1000,100
2018/09/26,6944,アイレックス,1000,100
2018/09/26,6951,日電子,1000,100
2018/09/26,6955,ＦＤＫ,1000,100
2018/09/26,6972,エルナー,1000,100
2018/09/26,7102,日車輌,1000,100
2018/09/26,7519,五洋インテ,1000,100
2018/09/26,7565,万世電機,1000,100
2018/09/26,7877,永大化工,1000,100
2018/09/26,7886,ヤマト・インダ,1000,100
2018/09/26,7911,凸版印,1000,100
2018/09/26,7950,日デコラ,1000,100
2018/09/26,7985,ネポン,1000,100
2018/09/26,8085,ナラサキ,1000,100
2018/09/26,8093,極東貿,1000,100
2018/09/26,8123,川　辺,1000,100
2018/09/26,8208,エンチョー,1000,100
2018/09/26,8209,フレンドリー,1000,100
2018/09/26,8354,ふくおか,1000,100
2018/09/26,8360,山梨銀,1000,100
2018/09/26,8366,滋賀銀,1000,100
2018/09/26,8386,百十四,1000,100
2018/09/26,8388,阿波銀,1000,100
2018/09/26,8396,十八銀,1000,100
2018/09/26,8544,京葉銀,1000,100
2018/09/26,8559,豊和銀,1000,100
2018/09/26,8700,丸八証券,1000,100
2018/09/26,9063,岡県運,1000,100
2018/09/26,9068,丸全運,1000,100
2018/09/26,9127,玉井船,1000,100
2018/09/26,9232,パスコ,1000,100
2018/09/26,9302,三井倉ＨＤ,1000,100
2018/09/26,9303,住友倉,1000,100
2018/09/26,9353,桜島埠,1000,100
2018/09/26,9534,北ガス,1000,100
2018/09/26,9664,御園座,1000,100
2018/09/26,9763,丸紅リース,1000,100
2018/09/26,9767,日建工,1000,100
2018/09/26,9849,共同紙,1000,100
2018/09/26,9895,コンセック,1000,100
2018/09/26,9927,ワットマン,1000,100
2018/09/18,9878,セキド,1000,100
2018/09/18,9914,植松商,1000,100
2018/09/12,5990,スーパーツール,1000,100
2018/09/01,5356,美濃窯,1000,100
2018/09/01,7555,大田花き,1000,100
2018/08/29,2706,ブロッコリー,1000,100
2018/08/29,2747,北雄ラッキー,1000,100
2018/08/29,6142,富士精,1000,100
2018/08/29,7515,マルヨシセンター,1000,100
2018/08/29,7719,東京衡機,1000,100
2018/08/29,8233,高島屋,1000,100
2018/08/29,9977,アオキスーパー,1000,100
2018/08/16,9976,セキチュー,1000,100
2018/08/01,7488,ヤガミ,1000,100
2018/08/01,9704,アゴーラＨＧ,1000,100
2018/07/27,1758,太洋基礎,1000,100
2018/07/27,9829,ナガノ東,1000,100
2018/07/01,1860,戸田建,1000,100
2018/07/01,4409,東邦化,1000,100
2018/07/01,4766,ピーエイ,1000,100
2018/07/01,5982,マルゼン,1000,100
2018/07/01,8418,山口ＦＧ,1000,100
2018/07/01,9193,東汽船,1000,100
2018/07/01,9695,鴨川ホテル,1000,100
2018/07/01,9827,リリカラ,1000,100
2018/06/27,1897,金下建,1000,100
2018/06/27,2160,ジーエヌアイ,1000,100
2018/06/27,2573,北海コカ,1000,100
2018/06/27,2700,木徳神糧,1000,100
2018/06/27,4107,伊勢化,1000,100
2018/06/27,4221,大倉工,1000,100
2018/06/27,4634,洋インキＨＤ,1000,100
2018/06/27,5395,理コランダ,1000,100
2018/06/27,5610,大和重,1000,100
2018/06/27,6265,妙　徳,1000,100
2018/06/27,7986,日アイエスケイ,1000,100
2018/06/27,8029,ルックＨＤ,1000,100
2018/06/27,8040,東ソワール,1000,100
2018/06/27,8090,昭光商,1000,100
2018/06/27,9539,葉ガス,1000,100
2018/06/27,9631,東急レク,1000,100
2018/06/18,7422,東邦レマック,1000,100
2018/06/01,8601,大和証Ｇ,1000,100
2018/05/29,4361,川口化,1000,100
2018/05/29,4673,川崎地質,1000,100
2018/05/29,5341,アサヒ陶,1000,100
2018/05/29,6112,小島鉄,1000,100
2018/05/29,6217,津田駒,1000,100
2018/05/29,6474,不二越,1000,100
2018/05/29,9836,リーバイス,1000,100
2018/05/15,5343,ニッコー,1000,100
2018/05/01,6776,天昇電,1000,100
2018/04/25,7265,エイケン工業,1000,100
2018/04/25,7983,ミロク,1000,100
2018/04/01,1883,前田道,1000,100
2018/04/01,4512,ワカモト,1000,100
2018/04/01,5337,ダントーＨＤ,1000,100
2018/04/01,6382,トリニ工,1000,100
2018/04/01,6742,京三製,1000,100
2018/04/01,6743,大同信,1000,100
2018/04/01,6837,京　写,1000,100
2018/04/01,7822,永大産業,1000,100
2018/04/01,8023,大興通,1000,100
2018/04/01,8331,千葉銀,1000,100
2018/04/01,8355,静岡銀,1000,100
2018/04/01,9310,トランシィ,1000,100
2018/04/01,9357,名港海,1000,100
2018/04/01,9753,ＩＸナレッジ,1000,100
2018/04/01,9799,旭情報,1000,100
2018/03/28,1795,マサル,1000,100
2018/03/28,2282,日本ハム,1000,100
2018/03/28,2538,ＪＦＬＡ,1000,100
2018/03/28,5921,川岸工,1000,100
2018/03/28,7446,東北化学,1000,100
2018/03/28,7869,日本フォーム,1000,100
2018/03/01,8095,イワキ,1000,100
2018/02/26,2736,サダマツ,1000,100
2018/02/26,4760,ＡＬＰＨＡ,1000,100
2018/02/26,7219,ＨＫＳ,1000,100
2018/02/01,1881,ＮＩＰＰＯ,1000,100
2018/02/01,9992,理研グリン,1000,100
2018/01/01,1777,川崎設備,1000,100
2018/01/01,4215,タキロンシーアイ,1000,100
2018/01/01,7648,トーカン,1000,100
2017/12/27,1764,工藤建設,1000,100
2017/12/27,1788,三東工業,1000,100
2017/12/27,1999,サイタＨＤ,1000,100
2017/12/27,3597,自重堂,1000,100
2017/12/27,5283,高見澤,1000,100
2017/12/27,5380,新　東,1000,100
2017/12/27,5987,オーネックス,1000,100
2017/12/04,6276,ナビタス,1000,100
2017/12/01,3892,岡山製紙,1000,100
2017/12/01,4274,細谷火,1000,100
2017/12/01,8016,オンワードＨＤ,1000,100
2017/11/28,3501,住江織,1000,100
2017/11/28,5967,ＴＯＮＥ,1000,100
2017/11/28,6150,タケダ機,1000,100
2017/11/28,6496,中北製,1000,100
2017/11/28,9924,ドミー,1000,100
2017/11/01,7850,総合商研,1000,100
2017/10/27,5971,共和工業,1000,100
2017/10/27,7901,マツモト,1000,100
2017/10/01,1380,秋川牧園,1000,100
2017/10/01,1730,麻生フオーム,1000,100
2017/10/01,1738,ＮＩＴＴＯＨ,1000,100
2017/10/01,1824,前田建,1000,100
2017/10/01,1934,ユアテック,1000,100
2017/10/01,1942,関電工,1000,100
2017/10/01,3202,ダイトウボウ,1000,100
2017/10/01,3407,旭化成,1000,100
2017/10/01,4099,四国化,1000,100
2017/10/01,4205,ゼオン,1000,100
2017/10/01,4272,日化薬,1000,100
2017/10/01,4366,ダイトーケミ,1000,100
2017/10/01,4621,ロックペイント,1000,100
2017/10/01,5010,日精蝋,1000,100
2017/10/01,5284,ヤマウ,1000,100
2017/10/01,5357,ヨータイ,1000,100
2017/10/01,5702,大紀アルミ,1000,100
2017/10/01,6281,前田製,1000,100
2017/10/01,6307,サンセイ,1000,100
2017/10/01,6366,千代建,1000,100
2017/10/01,6433,ヒーハイスト,1000,100
2017/10/01,6454,マックス,1000,100
2017/10/01,6472,ＮＴＮ,1000,100
2017/10/01,6591,西芝電,1000,100
2017/10/01,6768,タムラ製,1000,100
2017/10/01,6937,古河池,1000,100
2017/10/01,7244,市光工,1000,100
2017/10/01,7287,日精機,1000,100
2017/10/01,7567,栄電子,1000,100
2017/10/01,7980,重松製,1000,100
2017/10/01,8045,横丸魚,1000,100
2017/10/01,8293,ＡＴグループ,1000,100
2017/10/01,9034,南総通運,1000,100
2017/10/01,9051,センコン物流,1000,100
2017/10/01,9904,ベリテ,1000,100
2017/09/27,1352,ホウスイ,1000,100
2017/09/27,1734,北弘電社,1000,100
2017/09/27,1782,常磐開発,1000,100
2017/09/27,1793,大本組,1000,100
2017/09/27,1798,守谷商会,1000,100
2017/09/27,1801,大成建,1000,100
2017/09/27,1807,佐藤渡辺,1000,100
2017/09/27,1811,銭高組,1000,100
2017/09/27,1815,鉄建建設,1000,100
2017/09/27,1820,西松建,1000,100
2017/09/27,1833,奥村組,1000,100
2017/09/27,1847,イチケン,1000,100
2017/09/27,1861,熊谷組,1000,100
2017/09/27,1867,植木組,1000,100
2017/09/27,1882,東亜道,1000,100
2017/09/27,1884,日道路,1000,100
2017/09/27,1888,若築建,1000,100
2017/09/27,1892,徳倉建,1000,100
2017/09/27,1916,日ビルド,1000,100
2017/09/27,1933,ＳＹＳＫＥＮ,1000,100
2017/09/27,1939,四電工,1000,100
2017/09/27,1946,トーエネク,1000,100
2017/09/27,1948,弘電社,1000,100
2017/09/27,1964,中外炉,1000,100
2017/09/27,1968,太平電,1000,100
2017/09/27,1971,ビルト工,1000,100
2017/09/27,1980,ダイダン,1000,100
2017/09/27,1992,神通機,1000,100
2017/09/27,2004,昭和産,1000,100
2017/09/27,2008,増田粉,1000,100
2017/09/27,2107,東洋糖,1000,100
2017/09/27,2218,日糧パン,1000,100
2017/09/27,2264,森永乳,1000,100
2017/09/27,2291,福留ハム,1000,100
2017/09/27,2293,滝沢ハム,1000,100
2017/09/27,2602,日清オイリオ,1000,100
2017/09/27,2608,ボーソー,1000,100
2017/09/27,2654,アスモ,1000,100
2017/09/27,2813,和弘食,1000,100
2017/09/27,2892,日食品,1000,100
2017/09/27,2905,オーケー食,1000,100
2017/09/27,2919,マルタイ,1000,100
2017/09/27,3002,グンゼ,1000,100
2017/09/27,3004,神　栄,1000,100
2017/09/27,3101,東洋紡,1000,100
2017/09/27,3103,ユニチカ,1000,100
2017/09/27,3107,ダイワボＨＤ,1000,100
2017/09/27,3109,シキボウ,1000,100
2017/09/27,3110,日東紡,1000,100
2017/09/27,3409,北日紡,1000,100
2017/09/27,3431,宮地エンジ,1000,100
2017/09/27,3515,フジコー,1000,100
2017/09/27,3521,エコナックＨＤ,1000,100
2017/09/27,3526,芦森工,1000,100
2017/09/27,3529,アツギ,1000,100
2017/09/27,3551,ダイニック,1000,100
2017/09/27,3577,東海染,1000,100
2017/09/27,3583,オーベクス,1000,100
2017/09/27,3591,ワコールＨＤ,1000,100
2017/09/27,3600,フジックス,1000,100
2017/09/27,3877,中越パル,1000,100
2017/09/27,3943,大石産,1000,100
2017/09/27,3944,古林紙,1000,100
2017/09/27,3945,スパバック,1000,100
2017/09/27,3946,トーモク,1000,100
2017/09/27,4022,ラサ工,1000,100
2017/09/27,4027,テイカ,1000,100
2017/09/27,4031,片倉コープ,1000,100
2017/09/27,4042,東ソー,1000,100
2017/09/27,4043,トクヤマ,1000,100
2017/09/27,4044,セ硝子,1000,100
2017/09/27,4046,大阪ソーダ,1000,100
2017/09/27,4061,デンカ,1000,100
2017/09/27,4064,カーバイド,1000,100
2017/09/27,4078,堺化学,1000,100
2017/09/27,4092,日本化,1000,100
2017/09/27,4098,チタン工,1000,100
2017/09/27,4100,戸田工,1000,100
2017/09/27,4113,田岡化,1000,100
2017/09/27,4116,大日精,1000,100
2017/09/27,4119,ピグメント,1000,100
2017/09/27,4183,三井化学,1000,100
2017/09/27,4208,宇部興,1000,100
2017/09/27,4216,旭有機材,1000,100
2017/09/27,4218,ニチバン,1000,100
2017/09/27,4242,タカギセイコー,1000,100
2017/09/27,4367,広栄化,1000,100
2017/09/27,4403,日　油,1000,100
2017/09/27,4524,仁　丹,1000,100
2017/09/27,4557,医学生物,1000,100
2017/09/27,4611,大日塗,1000,100
2017/09/27,4624,イサム塗,1000,100
2017/09/27,4635,東インキ,1000,100
2017/09/27,4685,菱友システム,1000,100
2017/09/27,4998,フマキラー,1000,100
2017/09/27,5104,日化工,1000,100
2017/09/27,5199,不二ラテ,1000,100
2017/09/27,5217,テクノクオーツ,1000,100
2017/09/27,5233,太平洋セメ,1000,100
2017/09/27,5261,リソル,1000,100
2017/09/27,5279,日興業,1000,100
2017/09/27,5285,ヤマックス,1000,100
2017/09/27,5304,ＳＥＣカーボン,1000,100
2017/09/27,5351,品川リフラ,1000,100
2017/09/27,5352,黒崎播磨,1000,100
2017/09/27,5391,Ａ＆ＡＭ,1000,100
2017/09/27,5445,東京鉄,1000,100
2017/09/27,5458,高砂鉄,1000,100
2017/09/27,5471,大特鋼,1000,100
2017/09/27,5476,高周波,1000,100
2017/09/27,5481,山特鋼,1000,100
2017/09/27,5541,大平金,1000,100
2017/09/27,5603,虹 技,1000,100
2017/09/27,5609,日鋳造,1000,100
2017/09/27,5632,菱製鋼,1000,100
2017/09/27,5659,日精線,1000,100
2017/09/27,5660,神鋼線,1000,100
2017/09/27,5695,パウダテク,1000,100
2017/09/27,5706,三井金,1000,100
2017/09/27,5707,東邦鉛,1000,100
2017/09/27,5713,住友鉱,1000,100
2017/09/27,5714,ＤＯＷＡ,1000,100
2017/09/27,5715,古河機,1000,100
2017/09/27,5729,日精鉱,1000,100
2017/09/27,5741,ＵＡＣＪ,1000,100
2017/09/27,5781,東邦金,1000,100
2017/09/27,5805,昭電線ＨＤ,1000,100
2017/09/27,5815,沖電線,1000,100
2017/09/27,5820,三ッ星,1000,100
2017/09/27,5851,リョービ,1000,100
2017/09/27,5905,日カン,1000,100
2017/09/27,5907,ＪＦＥコンテナ,1000,100
2017/09/27,5918,滝上工,1000,100
2017/09/27,5922,那須鉄,1000,100
2017/09/27,5923,高田機,1000,100
2017/09/27,5935,元　旦,1000,100
2017/09/27,5939,大谷工業,1000,100
2017/09/27,5953,昭和鉄,1000,100
2017/09/27,5958,三洋工,1000,100
2017/09/27,5962,浅香工,1000,100
2017/09/27,5966,ＫＴＣ,1000,100
2017/09/27,5969,ロブテックス,1000,100
2017/09/27,5979,カネソウ,1000,100
2017/09/27,5992,中発条,1000,100
2017/09/27,6016,ＪＰＮエンジン,1000,100
2017/09/27,6018,阪神燃,1000,100
2017/09/27,6022,赤阪鉄,1000,100
2017/09/27,6042,ニッキ,1000,100
2017/09/27,6103,オークマ,1000,100
2017/09/27,6111,旭精機,1000,100
2017/09/27,6121,滝澤鉄,1000,100
2017/09/27,6125,岡本工,1000,100
2017/09/27,6137,小池工,1000,100
2017/09/27,6138,ダイジェト,1000,100
2017/09/27,6205,ＯＫＫ,1000,100
2017/09/27,6299,神鋼環境,1000,100
2017/09/27,6302,住友重,1000,100
2017/09/27,6303,ササクラ,1000,100
2017/09/27,6330,洋エンジ,1000,100
2017/09/27,6331,化工機,1000,100
2017/09/27,6335,東京機,1000,100
2017/09/27,6342,太平製,1000,100
2017/09/27,6358,酒井重,1000,100
2017/09/27,6360,東自機,1000,100
2017/09/27,6368,オルガノ,1000,100
2017/09/27,6369,トーヨーカネツ,1000,100
2017/09/27,6373,大同工,1000,100
2017/09/27,6391,加地テック,1000,100
2017/09/27,6392,ヤマダ,1000,100
2017/09/27,6393,油研工,1000,100
2017/09/27,6396,宇野鉄,1000,100
2017/09/27,6403,水道機,1000,100
2017/09/27,6414,川重冷,1000,100
2017/09/27,6424,高見サイ,1000,100
2017/09/27,6439,中日鋳,1000,100
2017/09/27,6444,サンデンＨＤ,1000,100
2017/09/27,6478,ダイベア,1000,100
2017/09/27,6484,ＫＶＫ,1000,100
2017/09/27,6513,オリジン,1000,100
2017/09/27,6516,山洋電,1000,100
2017/09/27,6518,三相電機,1000,100
2017/09/27,6643,戸上電,1000,100
2017/09/27,6647,森尾電,1000,100
2017/09/27,6675,サクサ,1000,100
2017/09/27,6701,ＮＥＣ,1000,100
2017/09/27,6704,岩崎通,1000,100
2017/09/27,6706,電気興,1000,100
2017/09/27,6715,ナカヨ,1000,100
2017/09/27,6716,テクニカル電,1000,100
2017/09/27,6753,シャープ,1000,100
2017/09/27,6763,帝通工,1000,100
2017/09/27,6844,新電元,1000,100
2017/09/27,6852,テクノセブン,1000,100
2017/09/27,6862,ミナトＨＤ,1000,100
2017/09/27,6894,パルステック,1000,100
2017/09/27,6895,ダイヤ電機,1000,100
2017/09/27,6899,ＡＳＴＩ,1000,100
2017/09/27,6901,沢藤電,1000,100
2017/09/27,6924,岩崎電,1000,100
2017/09/27,6942,ソフィアＨＤ,1000,100
2017/09/27,6943,ＮＫＫ,1000,100
2017/09/27,6946,日アビオ,1000,100
2017/09/27,6969,松尾電,1000,100
2017/09/27,6973,協栄産,1000,100
2017/09/27,6982,リード,1000,100
2017/09/27,6989,北電工,1000,100
2017/09/27,6997,日ケミコン,1000,100
2017/09/27,6998,日タングス,1000,100
2017/09/27,7003,三井造,1000,100
2017/09/27,7011,三菱重,1000,100
2017/09/27,7012,川　重,1000,100
2017/09/27,7013,ＩＨＩ,1000,100
2017/09/27,7018,内海造,1000,100
2017/09/27,7021,ニッチツ,1000,100
2017/09/27,7236,ティラド,1000,100
2017/09/27,7242,ＫＹＢ,1000,100
2017/09/27,7249,尾張精,1000,100
2017/09/27,7273,イクヨ,1000,100
2017/09/27,7299,オーゼックス,1000,100
2017/09/27,7305,新家工,1000,100
2017/09/27,7413,創健社,1000,100
2017/09/27,7426,山　大,1000,100
2017/09/27,7464,セフテック,1000,100
2017/09/27,7477,ムラキ,1000,100
2017/09/27,7509,アイエーＧ,1000,100
2017/09/27,7578,ニチリョク,1000,100
2017/09/27,7597,東京貴宝,1000,100
2017/09/27,7702,ＪＭＳ,1000,100
2017/09/27,7721,東京計器,1000,100
2017/09/27,7726,黒田精,1000,100
2017/09/27,7768,ジェコー,1000,100
2017/09/27,7769,リズム,1000,100
2017/09/27,7887,南海プライ,1000,100
2017/09/27,7891,日本ユピカ,1000,100
2017/09/27,7896,セブン工,1000,100
2017/09/27,7898,ウッドワン,1000,100
2017/09/27,7912,大日印,1000,100
2017/09/27,7913,図書印,1000,100
2017/09/27,7914,共同印,1000,100
2017/09/27,7916,光村印,1000,100
2017/09/27,7932,ニッピ,1000,100
2017/09/27,7938,リーガル,1000,100
2017/09/27,7946,光陽社,1000,100
2017/09/27,7961,兼松サステク,1000,100
2017/09/27,7987,ナカバヤシ,1000,100
2017/09/27,7999,ＭＵＴＯＨ－ＨＤ,1000,100
2017/09/27,8006,ユアサフナ,1000,100
2017/09/27,8007,高　島,1000,100
2017/09/27,8020,兼 松,1000,100
2017/09/27,8022,ミズノ,1000,100
2017/09/27,8025,ツカモト,1000,100
2017/09/27,8030,中央魚,1000,100
2017/09/27,8032,紙パル商,1000,100
2017/09/27,8041,ＯＵＧ　ＨＤ,1000,100
2017/09/27,8044,大都魚,1000,100
2017/09/27,8046,丸藤パ,1000,100
2017/09/27,8050,セイコーＨＤ,1000,100
2017/09/27,8052,椿本興,1000,100
2017/09/27,8059,第一実,1000,100
2017/09/27,8061,西華産,1000,100
2017/09/27,8072,出版貿,1000,100
2017/09/27,8078,阪和興,1000,100
2017/09/27,8084,菱電商,1000,100
2017/09/27,8088,岩谷産,1000,100
2017/09/27,8089,すてきＮ,1000,100
2017/09/27,8091,ニチモウ,1000,100
2017/09/27,8101,ＧＳＩクレオス,1000,100
2017/09/27,8107,キムラタン,1000,100
2017/09/27,8138,三京化,1000,100
2017/09/27,8145,中水産,1000,100
2017/09/27,8148,上原成,1000,100
2017/09/27,8152,ソマール,1000,100
2017/09/27,8173,上新電,1000,100
2017/09/27,8191,光製作,1000,100
2017/09/27,8205,シャクリーＧＧ,1000,100
2017/09/27,8225,タカチホ,1000,100
2017/09/27,8303,新生銀,1000,100
2017/09/27,8304,あおぞら,1000,100
2017/09/27,8324,第四銀,1000,100
2017/09/27,8341,七十七,1000,100
2017/09/27,8342,青森銀,1000,100
2017/09/27,8343,秋田銀,1000,100
2017/09/27,8344,山形銀,1000,100
2017/09/27,8349,東北銀,1000,100
2017/09/27,8350,みち銀,1000,100
2017/09/27,8356,十六銀,1000,100
2017/09/27,8361,大垣銀,1000,100
2017/09/27,8362,福井銀,1000,100
2017/09/27,8363,北国銀,1000,100
2017/09/27,8369,京都銀,1000,100
2017/09/27,8379,広島銀,1000,100
2017/09/27,8387,四国銀,1000,100
2017/09/27,8392,大分銀,1000,100
2017/09/27,8393,宮崎銀,1000,100
2017/09/27,8395,佐賀銀,1000,100
2017/09/27,8398,筑邦銀,1000,100
2017/09/27,8416,高知銀行,1000,100
2017/09/27,8537,大光銀,1000,100
2017/09/27,8540,福中銀,1000,100
2017/09/27,8554,南日銀,1000,100
2017/09/27,8558,東和銀,1000,100
2017/09/27,8560,宮崎太,1000,100
2017/09/27,8562,福島銀,1000,100
2017/09/27,8563,大東銀,1000,100
2017/09/27,8584,ジャックス,1000,100
2017/09/27,8617,光世証,1000,100
2017/09/27,8835,太平発,1000,100
2017/09/27,8840,大　京,1000,100
2017/09/27,8851,アーバンライフ,1000,100
2017/09/27,9001,東　武,1000,100
2017/09/27,9003,相鉄ＨＤ,1000,100
2017/09/27,9006,京　急,1000,100
2017/09/27,9008,京　王,1000,100
2017/09/27,9010,富士急,1000,100
2017/09/27,9012,秩父鉄,1000,100
2017/09/27,9014,新京成,1000,100
2017/09/27,9017,新潟交,1000,100
2017/09/27,9027,ロジネットＪ,1000,100
2017/09/27,9031,西　鉄,1000,100
2017/09/27,9041,近鉄ＧＨＤ,1000,100
2017/09/27,9044,南海電,1000,100
2017/09/27,9045,京阪ＨＤ,1000,100
2017/09/27,9046,神電鉄,1000,100
2017/09/27,9048,名　鉄,1000,100
2017/09/27,9049,京福電,1000,100
2017/09/27,9052,山陽電,1000,100
2017/09/27,9060,日ロジテム,1000,100
2017/09/27,9062,日　通,1000,100
2017/09/27,9065,山　九,1000,100
2017/09/27,9066,日　新,1000,100
2017/09/27,9070,トナミＨＤ,1000,100
2017/09/27,9075,福山運,1000,100
2017/09/27,9077,名鉄運,1000,100
2017/09/27,9081,神奈交,1000,100
2017/09/27,9082,大和自,1000,100
2017/09/27,9083,神姫バス,1000,100
2017/09/27,9085,中央バス,1000,100
2017/09/27,9087,タカセ,1000,100
2017/09/27,9101,郵　船,1000,100
2017/09/27,9104,商船三井,1000,100
2017/09/27,9107,川崎船,1000,100
2017/09/27,9110,ユナイテド海,1000,100
2017/09/27,9130,共栄タ,1000,100
2017/09/27,9179,川崎近海,1000,100
2017/09/27,9202,ＡＮＡ,1000,100
2017/09/27,9301,三菱倉,1000,100
2017/09/27,9304,渋沢倉,1000,100
2017/09/27,9311,アサガミ,1000,100
2017/09/27,9312,ケイヒン,1000,100
2017/09/27,9351,洋埠頭,1000,100
2017/09/27,9355,リンコー,1000,100
2017/09/27,9360,鈴与シンワ,1000,100
2017/09/27,9362,兵機海,1000,100
2017/09/27,9363,大　運,1000,100
2017/09/27,9364,上　組,1000,100
2017/09/27,9365,トレーディア,1000,100
2017/09/27,9531,東ガス,1000,100
2017/09/27,9532,大ガス,1000,100
2017/09/27,9533,邦ガス,1000,100
2017/09/27,9536,西ガス,1000,100
2017/09/27,9605,東　映,1000,100
2017/09/27,9633,テアトル,1000,100
2017/09/27,9635,武蔵野,1000,100
2017/09/27,9639,三協フロン,1000,100
2017/09/27,9671,よみラント,1000,100
2017/09/27,9674,花月園,1000,100
2017/09/27,9713,ロイヤルホテル,1000,100
2017/09/27,9726,ＫＮＴＣＴ,1000,100
2017/09/27,9761,東海リース,1000,100
2017/09/27,9780,ビステム,1000,100
2017/09/27,9816,ストライダース,1000,100
2017/09/27,9820,ＭＴジェネック,1000,100
2017/09/27,9826,ＪＥＵＧＩＡ,1000,100
2017/09/27,9852,ＣＢグループ,1000,100
2017/09/27,9967,堺商事,1000,100
2017/09/21,3125,内外綿,1000,100
2017/09/15,5204,石塚硝,1000,100
2017/09/15,9040,大宝運輸,1000,100
2017/09/15,9909,愛光電,1000,100
2017/09/01,4615,神東塗,1000,100
2017/09/01,4960,ケミプロ,1000,100
2017/09/01,8368,百五銀,1000,100
2017/09/01,9661,歌舞伎,1000,100
2017/08/29,2872,セイヒョー,1000,100
2017/08/29,3065,ライフフーズ,1000,100
2017/08/29,4920,日本色材,1000,100
2017/08/29,5271,トーヨーアサノ,1000,100
2017/08/29,7894,丸東産業,1000,100
2017/08/29,8181,東天紅,1000,100
2017/08/29,8244,近鉄百,1000,100
2017/08/29,8247,大　和,1000,100
2017/08/29,8254,サイカ屋,1000,100
2017/08/29,9033,広電鉄,1000,100
2017/08/29,9601,松　竹,1000,100
2017/08/29,9778,昴,1000,100
2017/08/29,9903,カンセキ,1000,100
2017/08/29,9982,タキヒヨー,1000,100
2017/08/01,6644,大崎電,1000,100
2017/08/01,6867,リーダー電,1000,100
2017/08/01,8346,東邦銀,1000,100
2017/07/27,2217,モロゾフ,1000,100
2017/07/27,6898,トミタ電機,1000,100
2017/07/27,7878,光彩工芸,1000,100
2017/07/27,8013,ナイガイ,1000,100
2017/07/27,8842,楽天地,1000,100
2017/07/27,9005,東　急,1000,100
2017/07/27,9632,スバル興,1000,100
2017/07/27,9637,ＯＳ映,1000,100
2017/07/01,1803,清水建,1000,100
2017/07/01,2533,オエノンＨＤ,1000,100
2017/07/01,3948,光ビジ,1000,100
2017/07/01,4629,大伸化学,1000,100
2017/07/01,7224,新明和,1000,100
2017/07/01,7399,ナンシン,1000,100
2017/06/28,1718,美樹工業,1000,100
2017/06/28,1899,福田組,1000,100
2017/06/28,1987,ソルコム,1000,100
2017/06/28,2211,不二家,1000,100
2017/06/28,2215,第一パン,1000,100
2017/06/28,2216,カンロ,1000,100
2017/06/28,3947,ダイナパック,1000,100
2017/06/28,4025,多木化,1000,100
2017/06/28,4404,ミヨシ,1000,100
2017/06/28,4772,デジアド,1000,100
2017/06/28,5201,旭硝子,1000,100
2017/06/28,5214,日電硝,1000,100
2017/06/28,5302,日カーボン,1000,100
2017/06/28,6310,井関農,1000,100
2017/06/28,6977,抵抗器,1000,100
2017/06/28,7425,初穂商事,1000,100
2017/06/28,7957,フジコピア,1000,100
2017/06/28,7992,セーラー,1000,100
2017/06/28,8011,三陽商,1000,100
2017/06/28,8854,日住サ,1000,100
2017/06/28,9173,東海船,1000,100
2017/06/28,9672,都競馬,1000,100
2017/06/28,9722,藤田観,1000,100
2017/06/01,4992,北興化,1000,100
2017/06/01,7888,三光合成,1000,100
2017/05/29,4616,川上塗,1000,100
2017/05/29,4995,サンケイ化,1000,100
2017/05/29,6492,岡野バル,1000,100
2017/05/29,7997,くろ工,1000,100
2017/05/29,9647,協和コンサ,1000,100
2017/05/01,7831,ウイルコＨＤ,1000,100
2017/04/01,1737,三井エンジ,1000,100
2017/04/01,1832,北海工,1000,100
2017/04/01,1945,東京エネシス,1000,100
2017/04/01,2801,キッコーマン,1000,100
2017/04/01,3402,東 レ,1000,100
2017/04/01,3952,中紙器,1000,100
2017/04/01,4047,関電化,1000,100
2017/04/01,4912,ライオン,1000,100
2017/04/01,6755,富通ゼネ,1000,100
2017/04/01,6964,サンコー,1000,100
2017/04/01,7959,オリバー,1000,100
2017/04/01,8594,中道リース,1000,100
2017/04/01,8801,三井不,1000,100
2017/04/01,8802,菱地所,1000,100
2017/04/01,9307,杉村倉,1000,100
2017/03/29,1743,コーアツ工業,1000,100
2017/03/29,6277,ホソカワミクロ,1000,100
2017/03/29,6316,丸山製,1000,100
2017/03/29,7505,扶桑電通,1000,100
2017/03/29,9470,学研ＨＤ,1000,100
2017/03/29,9679,ホウライ,1000,100
2017/03/29,9941,太洋物,1000,100
2017/03/01,2055,日和産,1000,100
2017/02/01,4990,昭和化,1000,100
2017/01/18,8057,内田洋,1000,100
2017/01/04,1853,森　組,1000,100
2017/01/01,1848,富士Ｐ・Ｓ,1000,100
2017/01/01,5301,東海カ,1000,100
2017/01/01,6994,指月電,1000,100
2017/01/01,7701,島津製,1000,100
2016/12/28,1954,日工営,1000,100
2016/12/28,7308,ツノダ,1000,100
2016/12/28,8928,穴吹興産,1000,100
2016/12/28,9361,伏木運,1000,100
2016/12/01,5957,日東精,1000,100
2016/12/01,6013,タクマ,1000,100
2016/11/28,6505,東洋電,1000,100
2016/11/01,7971,東　リ,1000,100
2016/10/27,3524,日東網,1000,100
2016/10/01,1771,日本乾溜,1000,100
2016/10/01,3941,レンゴー,1000,100
2016/10/01,4088,エア・ウォーター,1000,100
2016/10/01,4094,日化産,1000,100
2016/10/01,4097,高圧ガス,1000,100
2016/10/01,4617,中国塗,1000,100
2016/10/01,5803,フジクラ,1000,100
2016/10/01,6300,アピクヤマダ,1000,100
2016/10/01,6503,三菱電,1000,100
2016/10/01,6904,原田工業,1000,100
2016/10/01,7435,ナ・デックス,1000,100
2016/10/01,7647,音　通,1000,100
2016/10/01,8550,栃木銀,1000,100
2016/10/01,9367,大東港,1000,100
2016/09/28,1301,極　洋,1000,100
2016/09/28,1515,日鉄鉱,1000,100
2016/09/28,1518,三井松,1000,100
2016/09/28,1885,東亜建,1000,100
2016/09/28,1904,大成温,1000,100
2016/09/28,1931,日本電通,1000,100
2016/09/28,1937,西電工,1000,100
2016/09/28,1956,ＮＤＳ,1000,100
2016/09/28,1972,三晃金,1000,100
2016/09/28,1975,朝日工,1000,100
2016/09/28,2001,日本粉,1000,100
2016/09/28,2003,日東富士,1000,100
2016/09/28,2108,甜菜糖,1000,100
2016/09/28,2109,三井製糖,1000,100
2016/09/28,2201,森永菓,1000,100
2016/09/28,2204,中村屋,1000,100
2016/09/28,2209,井村屋Ｇ,1000,100
2016/09/28,2286,林兼産,1000,100
2016/09/28,2613,Ｊオイル,1000,100
2016/09/28,2804,ブルドック,1000,100
2016/09/28,2871,ニチレイ,1000,100
2016/09/28,3010,価値開発,1000,100
2016/09/28,3104,富士紡ＨＤ,1000,100
2016/09/28,3306,日本麻,1000,100
2016/09/28,3374,内外テック,1000,100
2016/09/28,3401,帝　人,1000,100
2016/09/28,3408,サカイオーベ,1000,100
2016/09/28,3708,特種東海,1000,100
2016/09/28,3864,三菱紙,1000,100
2016/09/28,3954,ＰＡＸＸＳ,1000,100
2016/09/28,4008,住精化,1000,100
2016/09/28,4023,クレハ,1000,100
2016/09/28,4028,石原産,1000,100
2016/09/28,4102,丸尾カル,1000,100
2016/09/28,4112,保土谷,1000,100
2016/09/28,4182,三菱ガス,1000,100
2016/09/28,4224,ロンシル工,1000,100
2016/09/28,4228,積化成,1000,100
2016/09/28,4229,群栄化,1000,100
2016/09/28,4471,三洋化,1000,100
2016/09/28,4538,扶桑薬,1000,100
2016/09/28,4539,日ケミファ,1000,100
2016/09/28,4918,アイビー,1000,100
2016/09/28,5142,アキレス,1000,100
2016/09/28,5195,バンドー,1000,100
2016/09/28,5202,板硝子,1000,100
2016/09/28,5237,ノザワ,1000,100
2016/09/28,5331,ノリタケ,1000,100
2016/09/28,5406,神戸鋼,1000,100
2016/09/28,5408,中山鋼,1000,100
2016/09/28,5410,合同鉄,1000,100
2016/09/28,5446,北越メタル,1000,100
2016/09/28,5464,モリ工業,1000,100
2016/09/28,5482,愛知鋼,1000,100
2016/09/28,5491,日金属,1000,100
2016/09/28,5602,栗本鉄,1000,100
2016/09/28,5631,日製鋼,1000,100
2016/09/28,5711,三菱マ,1000,100
2016/09/28,5753,日伸銅,1000,100
2016/09/28,5801,古河電,1000,100
2016/09/28,5915,駒井ハルテク,1000,100
2016/09/28,5981,東京綱,1000,100
2016/09/28,5983,イワブチ,1000,100
2016/09/28,5994,ファインシンター,1000,100
2016/09/28,6208,石川製,1000,100
2016/09/28,6306,日　工,1000,100
2016/09/28,6317,北川鉄,1000,100
2016/09/28,6361,荏　原,1000,100
2016/09/28,6362,石井鉄,1000,100
2016/09/28,6390,加藤製,1000,100
2016/09/28,6462,リケン,1000,100
2016/09/28,6623,愛知電,1000,100
2016/09/28,6655,洋電機,1000,100
2016/09/28,6703,ＯＫＩ,1000,100
2016/09/28,6751,日無線,1000,100
2016/09/28,6846,中央製,1000,100
2016/09/28,6919,ケ　ル,1000,100
2016/09/28,6928,エノモト,1000,100
2016/09/28,6962,大真空,1000,100
2016/09/28,7122,近畿車,1000,100
2016/09/28,7231,トピー,1000,100
2016/09/28,7462,ダイヤ通商,1000,100
2016/09/28,7562,安楽亭,1000,100
2016/09/28,7723,愛時計,1000,100
2016/09/28,7735,スクリン,1000,100
2016/09/28,7758,セコニックＨＤ,1000,100
2016/09/28,7905,大建工,1000,100
2016/09/28,7981,タカラスタン,1000,100
2016/09/28,7991,マミヤＯＰ,1000,100
2016/09/28,7995,日バルカー,1000,100
2016/09/28,8038,東都水,1000,100
2016/09/28,8039,築地魚,1000,100
2016/09/28,8071,東海エレ,1000,100
2016/09/28,8075,神鋼商,1000,100
2016/09/28,8105,堀田丸正,1000,100
2016/09/28,8132,シナネンＨＤ,1000,100
2016/09/28,8144,電響社,1000,100
2016/09/28,8215,山形屋,1000,100
2016/09/28,8309,三住トラスト,1000,100
2016/09/28,8325,北越銀,1000,100
2016/09/28,8367,南都銀,1000,100
2016/09/28,8374,三重銀,1000,100
2016/09/28,8377,ほくほく,1000,100
2016/09/28,8383,鳥取銀,1000,100
2016/09/28,8521,長野銀,1000,100
2016/09/28,8522,名　銀,1000,100
2016/09/28,8529,第三銀,1000,100
2016/09/28,8530,中京銀,1000,100
2016/09/28,8541,愛媛銀,1000,100
2016/09/28,8542,トマト銀,1000,100
2016/09/28,8543,みなと銀,1000,100
2016/09/28,9007,小田急,1000,100
2016/09/28,9009,京　成,1000,100
2016/09/28,9074,日石輸,1000,100
2016/09/28,9305,ヤマタネ,1000,100
2016/09/28,9407,ＲＫＢ毎日Ｈ,1000,100
2016/09/28,9537,北陸ガス,1000,100
2016/09/28,9625,セレスポ,1000,100
2016/09/28,9675,常磐興,1000,100
2016/09/28,9701,東会舘,1000,100
2016/09/28,9810,日鉄住物,1000,100
2016/09/15,9950,ハチバン,1000,100
2016/09/01,4720,城南進研,1000,100
2016/09/01,6897,ツインバード,1000,100
2016/09/01,7292,村上開明,1000,100
2016/09/01,9698,クレオ,1000,100
2016/09/01,9733,ナガセ,1000,100
2016/08/29,2687,シーヴイエス,1000,100
2016/08/29,7975,リヒトラブ,1000,100
2016/08/29,8260,井筒屋,1000,100
2016/08/29,8274,東武ストア,1000,100
2016/08/29,9835,ジュンテント,1000,100
2016/08/01,4712,アドアーズ,1000,100
2016/08/01,8117,中央自,1000,100
2016/08/01,8334,群馬銀,1000,100
2016/07/27,3955,イムラ封筒,1000,100
2016/07/27,9042,阪急阪神,1000,100
2016/07/27,9681,ドーム,1000,100
2016/07/01,1963,日　揮,1000,100
2016/07/01,2212,山崎パン,1000,100
2016/07/01,4531,有機薬,1000,100
2016/07/01,4556,カイノス,1000,100
2016/07/01,5333,ガイシ,1000,100
2016/07/01,5993,知多鋼,1000,100
2016/07/01,8157,都築電,1000,100
2016/07/01,9306,東陽倉,1000,100
2016/06/28,2501,サッポロＨＤ,1000,100
2016/06/28,4004,昭電工,1000,100
2016/06/28,4631,ＤＩＣ,1000,100
2016/06/28,8202,ラオックス,1000,100
2016/06/28,9731,白洋舎,1000,100
2016/06/01,8135,ゼット,1000,100
2016/05/27,9313,丸八倉,1000,100
2016/05/01,6356,日ギア,1000,100
2016/05/01,6479,ミネベア,1000,100
2016/04/01,1938,日リーテック,1000,100
2016/04/01,1959,九電工,1000,100
2016/04/01,2754,東葛ＨＤ,1000,100
2016/04/01,2802,味の素,1000,100
2016/04/01,6395,タダノ,1000,100
2016/04/01,6480,日トムソン,1000,100
2016/04/01,7919,野崎印,1000,100
2016/04/01,8097,三愛石,1000,100
2016/04/01,8359,八十二,1000,100
2016/04/01,9069,センコー,1000,100
2016/03/16,2551,マルサンアイ,1000,100
2016/03/01,1905,テノックス,1000,100
2016/03/01,2208,ブルボン,1000,100
2016/03/01,3201,ニッケ,1000,100
2016/03/01,5363,ＴＹＫ,1000,100
2016/03/01,6756,日立国際,1000,100
2016/02/01,5011,ニチレキ,1000,100
2016/01/27,6267,ゼネパッカー,1000,100
2016/01/05,4999,セメダイン,1000,100
2016/01/04,1960,サンテック,1000,100
2016/01/04,4516,日新薬,1000,100
2016/01/01,1802,大林組,1000,100
2016/01/01,1896,大林道,1000,100
2016/01/01,4115,本州化,1000,100
2016/01/01,4151,協和キリン,1000,100
2016/01/01,6326,クボタ,1000,100
2015/12/01,5950,パワーファス,1000,100
2015/12/01,6246,テクノスマート,1000,100
2015/12/01,6911,新日無,1000,100
2015/11/24,7965,象　印,1000,100
2015/11/16,8682,ＭＳアジア,100,10
2015/11/02,5952,アマテイ,1000,100
2015/11/01,5900,ダイケン,1000,100
2015/11/01,6023,ダイハツデ,1000,100
2015/11/01,7538,大 水,1000,100
2015/10/01,1770,藤田エンジ,1000,100
2015/10/01,1981,協和日成,1000,100
2015/10/01,3105,日清紡ＨＤ,1000,100
2015/10/01,3880,大王紙,1000,100
2015/10/01,4204,積水化,1000,100
2015/10/01,4613,関西ペ,1000,100
2015/10/01,5282,ジオスター,1000,100
2015/10/01,7711,助川電,1000,100
2015/10/01,8381,山合銀,1000,100
2015/10/01,9233,アジア航,1000,100
2015/10/01,9377,エージーピー,1000,100
2015/10/01,9873,日本ＫＦＣ,1000,100
2015/10/01,9900,サガミチェン,1000,100
2015/09/28,1826,佐田建,1000,100
2015/09/28,2540,養命酒,1000,100
2015/09/28,3437,特殊電極,1000,100
2015/09/28,4093,邦アセチレン,1000,100
2015/09/28,4114,日触媒,1000,100
2015/09/28,4521,科研薬,1000,100
2015/09/28,4914,高砂香,1000,100
2015/09/28,5332,ＴＯＴＯ,1000,100
2015/09/28,5401,新日鉄住,1000,100
2015/09/28,5451,淀川鋼,1000,100
2015/09/28,5964,洋刃物,1000,100
2015/09/28,5998,アドバネクス,1000,100
2015/09/28,6445,蛇の目,1000,100
2015/09/28,6461,日ピストン,1000,100
2015/09/28,7284,盟和産,1000,100
2015/09/28,7840,フラベッドＨ,1000,100
2015/09/28,7990,グローブライ,1000,100
2015/09/28,8043,スターゼン,1000,100
2015/09/28,8076,カノークス,1000,100
2015/09/28,8111,Ｇウイン,1000,100
2015/09/28,8115,ムーンバット,1000,100
2015/09/28,8365,富山銀,1000,100
2015/09/28,8513,中証金,1000,100
2015/09/28,8518,アジア投資,1000,100
2015/09/28,9078,エスライン,1000,100
2015/09/28,9867,ソレキア,1000,100
2015/09/01,1930,北電事,1000,100
2015/09/01,1967,ヤマト,1000,100
2015/09/01,2903,シノブフース,1000,100
2015/09/01,2908,フジッコ,1000,100
2015/09/01,6292,カワタ,1000,100
2015/08/27,8143,ラピーヌ,1000,100
2015/08/01,4026,神島化,1000,100
2015/07/29,2733,あらた,1000,100
2015/07/29,8142,トーホー,1000,100
2015/07/01,1810,松井建,1000,100
2015/07/01,1944,きんでん,1000,100
2015/07/01,2114,フジ日糖,1000,100
2015/07/01,4235,第一化成,1000,100
2015/07/01,5486,日立金,1000,100
2015/07/01,5985,サンコール,1000,100
2015/07/01,6797,名古屋電,1000,100
2015/07/01,9929,平和紙,1000,100
2015/06/26,3204,トーア紡,1000,100
2015/06/26,4045,東亜合成,1000,100
2015/06/26,4669,ニッパンＲ,1000,100
2015/06/26,5101,浜ゴム,1000,100
2015/06/26,6440,ＪＵＫＩ,1000,100
2015/06/26,8804,東建物,1000,100
2015/05/27,9720,グランド,1000,100
2015/04/01,1768,ソネック,1000,100
2015/04/01,1869,名工建,1000,100
2015/04/01,4091,大陽日酸,1000,100
2015/04/01,5930,文化シヤタ,1000,100
2015/04/01,6471,日精工,1000,100
2015/04/01,6641,日新電,1000,100
2015/04/01,7246,プレス工,1000,100
2015/04/01,8081,カナデン,1000,100
2015/04/01,8158,ソーダニッカ,1000,100
2015/04/01,8298,ファミリー,1000,100
2015/04/01,8596,九州リース,1000,100
2015/04/01,8747,豊商事,1000,100
2015/03/26,5658,日亜鋼業,1000,100
2015/03/02,1997,暁飯島工業,1000,100
2015/03/02,4996,クミアイ化学工業,1000,100
2015/03/02,5453,東洋鋼鈑,1000,100
2015/03/02,6745,ホーチキ,1000,100
2015/03/02,7247,ミクニ,1000,100
2015/03/02,7851,カワセコンピュータサプライ,1000,100
2015/03/02,9076,セイノ－ホ－ルディングス,1000,100
2015/02/02,1976,明星工業,1000,100
2015/02/02,6272,レオン自動機,1000,100
2015/02/02,7260,富士機工,1000,100
2015/02/02,8114,デサント,1000,100
2015/01/05,1726,ビ－ア－ルホ－ルディングス,1000,100
2015/01/05,1994,高橋カ－テンウォ－ル工業,1000,100
2015/01/05,4202,ダイセル,1000,100
2015/01/05,4612,日本ペイントホ－ルディングス,1000,100
2015/01/05,6748,星和電機,1000,100
2015/01/05,6864,エヌエフ回路設計ブロック,1000,100
2015/01/05,7245,大同メタル工業,1000,100
2015/01/05,7404,昭和飛行機工業,1000,100
2015/01/05,9723,京都ホテル,1000,100
2014/12/01,4699,ウチダエスコ,1000,100
2014/12/01,6364,北越工業,1000,100
2014/12/01,6459,大和冷機工業,1000,100
2014/11/04,2876,ジェ－シ－・コムサ,1000,100
2014/11/04,4463,日華化学,1000,100
2014/11/04,5388,クニミネ工業,1000,100
2014/11/04,6853,共和電業,1000,100
2014/11/04,6882,三社電機製作所,1000,100
2014/10/01,1898,世紀東急工業,1000,100
2014/10/01,2206,江崎グリコ,1000,100
2014/10/01,2875,東洋水産,1000,100
2014/10/01,4365,松本油脂製薬,500,100
2014/10/01,5269,日本コンクリート工業,1000,100
2014/10/01,5807,東京特殊電線,1000,100
2014/10/01,5929,三和ホ－ルディングス,1000,100
2014/10/01,6744,能美防災,1000,100
2014/10/01,7202,いすゞ自動車,1000,100
2014/10/01,7277,ＴＢＫ,1000,100
2014/10/01,7952,河合楽器製作所,1000,100
2014/10/01,8074,ユアサ商事,1000,100
2014/10/01,8545,関西ア－バン銀行,1000,100
2014/09/01,1961,三機工業,1000,100
2014/09/01,3086,Ｊ．フロントリテイリング,1000,100
2014/09/01,3232,三重交通グル－プＨＤ,1000,100
2014/09/01,6455,モリタホ－ルディングス,1000,100
2014/09/01,7485,岡谷鋼機,500,100
2014/09/01,7953,菊水化学工業,1000,100
2014/09/01,8242,エイチ・ツ－・オ－リテイリング,1000,100
2014/09/01,8263,ダイエー,50,100
2014/09/01,8358,スルガ銀行,1000,100
2014/09/01,9969,ショクブン,1000,100
2014/08/01,1814,大末建設,1000,100
2014/08/01,1925,大和ハウス工業,1000,100
2014/08/01,5334,日本特殊陶業,1000,100
2014/08/01,6624,田淵電機,1000,100
2014/08/01,6850,チノ－,1000,100
2014/08/01,7261,マツダ,1000,100
2014/08/01,7475,アルビス,1000,100
2014/08/01,8002,丸紅,1000,100
2014/07/01,2531,宝ホ－ルディングス,1000,100
2014/07/01,3341,日本調剤,10,100
2014/07/01,3580,小松精練,1000,100
2014/07/01,4220,リケンテクノス,1000,100
2014/07/01,4640,アンド－ル,1000,100
2014/07/01,4734,ビ－イング,1000,100
2014/07/01,5105,東洋ゴム工業,1000,100
2014/07/01,5262,日本ヒュ－ム,1000,100
2014/07/01,5563,日本電工,1000,100
2014/07/01,6113,アマダ,1000,100
2014/07/01,6247,日阪製作所,1000,100
2014/07/01,6351,鶴見製作所,1000,100
2014/07/01,6858,小野測器,1000,100
2014/07/01,7256,河西工業,1000,100
2014/07/01,7461,キムラ,1000,100
2014/07/01,7994,岡村製作所,1000,100
2014/07/01,8291,日産東京販売ホ－ルディングス,1000,100
2014/07/01,9758,ジャパンシステム,1000,100
2014/06/02,6332,月島機械,1000,100
2014/06/02,7105,ニチユ三菱フォ－クリフト,1000,100
2014/05/13,8285,三谷産業,1000,100
2014/05/12,1329,ｉシェア－ズ日経２２５ＥＴＦ,10,1
2014/05/01,7635,杉田エ－ス,1000,100
2014/05/01,8622,水戸証券,1000,100
2014/04/01,1766,東建コ－ポレ－ション,10,100
2014/04/01,1834,大和小田急建設,500,100
2014/04/01,1893,五洋建設,500,100
2014/04/01,1950,日本電設工業,1000,100
2014/04/01,1966,高田工業所,500,100
2014/04/01,2158,ＵＢＩＣ,10,100
2014/04/01,2170,リンクアンドモチベ－ション,1,100
2014/04/01,2292,ＳＦｏｏｄｓ,500,100
2014/04/01,2321,ソフトフロント,1,100
2014/04/01,2330,ＳｍａｒｔＥｂｏｏｋ．ｃｏｍ,1,100
2014/04/01,2370,メディネット,1,100
2014/04/01,2388,ウェッジホ－ルディングス,1,100
2014/04/01,2410,キャリアデザインセンタ－,1,100
2014/04/01,2413,エムスリ－,1,100
2014/04/01,2447,ＮｏｗＬｏａｄｉｎｇ,1,100
2014/04/01,2450,一休,1,100
2014/04/01,2453,ジャパンベストレスキュ－システ,1,100
2014/04/01,2458,夢テクノロジ－,1,100
2014/04/01,2503,キリンホ－ルディングス,1000,100
2014/04/01,2667,イメ－ジワン,1,100
2014/04/01,2724,インスパイア－,1,100
2014/04/01,2752,フジオフ－ドシステム,1,100
2014/04/01,2788,アップルインタ－ナショナル,1,100
2014/04/01,2792,ハニ－ズ,10,100
2014/04/01,2814,佐藤食品工業,10,100
2014/04/01,2926,篠崎屋,1,100
2014/04/01,3244,サムティ,1,100
2014/04/01,3323,レカム,1,100
2014/04/01,3328,ネットプライスドットコム,1,100
2014/04/01,3423,エスイ－,1000,100
2014/04/01,3772,ドリ－ムバイザ－・ＨＤ,1,100
2014/04/01,3788,ＧＭＯクラウド,1,100
2014/04/01,3793,ドリコム,1,100
2014/04/01,3802,エコミック,1,100
2014/04/01,3840,イ－・キャッシュ,1,100
2014/04/01,3849,日本テクノ・ラボ,1,100
2014/04/01,3865,北越紀州製紙,500,100
2014/04/01,4282,イ－ピ－エス,1,100
2014/04/01,4288,アズジェント,1,100
2014/04/01,4310,ドリ－ムインキュベ－タ,1,100
2014/04/01,4571,ナノキャリア,1,100
2014/04/01,4827,ビジネス・ワンホ－ルディングス,1,100
2014/04/01,4842,ＵＳＥＮ,10,100
2014/04/01,4902,コニカミノルタ,500,100
2014/04/01,4962,互応化学工業,1000,100
2014/04/01,4973,日本高純度化学,1,100
2014/04/01,4997,日本農薬,1000,100
2014/04/01,5480,日本冶金工業,500,100
2014/04/01,5911,横河ブリッジホ－ルディングス,1000,100
2014/04/01,6259,大崎エンジニアリング,1,100
2014/04/01,6381,アネスト岩田,1000,100
2014/04/01,6383,ダイフク,500,100
2014/04/01,7276,小糸製作所,1000,100
2014/04/01,7616,コロワイド,500,100
2014/04/01,7717,ブイ・テクノロジ－,1,100
2014/04/01,7774,ＪＰティッシュエンジニアリング,1,100
2014/04/01,7939,研創,1000,100
2014/04/01,8125,ワキタ,1000,100
2014/04/01,8789,フィンテックグロ－バル,1,100
2014/04/01,8850,スタ－ツコ－ポレ－ション,500,100
2014/04/01,8889,アパマンショップホ－ルディング,1,100
2014/04/01,8890,レ－サム,1,100
2014/04/01,9376,ユ－ラシア旅行社,1,100
2014/04/01,9424,日本通信,1,100
2014/04/01,9928,ミロク情報サ－ビス,500,100
2014/04/01,9930,北沢産業,500,100
2014/03/31,7865,ピ－プル,500,100
2014/03/25,1400,ル－デン・ホ－ルディングス,1,100
2014/03/24,6506,安川電機,1000,100
2014/03/03,2228,シべ－ル,1,100
2014/03/03,2798,ワイズテ－ブルコ－ポレ－ション,1,100
2014/03/03,3048,ビックカメラ,1,100
2014/03/03,3057,ゼットン,1,100
2014/03/03,3376,オンリ－,1,100
2014/03/03,3384,ア－クコア,1,100
2014/03/03,3815,メディア工房,1,100
2014/03/03,3823,アクロディア,1,100
2014/03/03,4095,日本パーカライジング,1000,100
2014/03/03,6264,マルマエ,1,100
2014/03/03,6406,フジテック,1000,100
2014/03/03,7222,日産車体,1000,100
2014/03/03,7421,カッパクリエイトホ－ルディング,50,100
2014/03/03,7829,サマンサタバサジャパン,1,100
2014/03/03,7923,トーイン,500,100
2014/03/03,8886,ウッドフレンズ,1,100
2014/02/21,9843,ニトリホ－ルディングス,50,100
2014/02/03,1873,東日本ハウス,1000,100
2014/02/03,2353,日本駐車場開発,1,100
2014/02/03,2686,ジ－フット,500,100
2014/02/03,3071,ストリ－ム,1,100
2014/02/03,3895,ハビックス,1000,100
2014/02/03,4824,メディアシ－ク,1,100
2014/02/03,4924,ドクタ－シ－ラボ,1,100
2014/02/03,4989,イハラケミカル工業,1000,100
2014/02/03,5928,アルメタックス,500,100
2014/02/03,6669,シ－シ－エス,1,100
2014/02/03,6721,ウインテスト,1,100
2014/02/03,6778,アルチザネットワ－クス,1,100
2014/02/03,6786,リアルビジョン,1,100
2014/02/03,8423,アクリ－ティブ,1,100
2014/02/03,8925,アルデプロ,1,100
2014/02/03,9359,伊勢湾海運,1000,100
2014/01/06,1382,ホ－ブ,1,100
2014/01/06,1983,東芝プラントシステム,1000,100
2014/01/06,1989,北陸電話工事,1000,100
2014/01/06,2162,日本マニュファクチャリングＳ,1,100
2014/01/06,2406,アルテサロンホ－ルディングス,1,100
2014/01/06,2721,ジェイホ－ルディングス,1,100
2014/01/06,2743,ハイブリッド・サ－ビス,1,100
2014/01/06,2762,三光マ－ケティングフ－ズ,1,100
2014/01/06,3237,イントランス,1,100
2014/01/06,3394,ネットワ－クバリュ－コンポネン,1,100
2014/01/06,3765,ガンホ－・オンライン・エンタ－,1,100
2014/01/06,3777,タ－ボリナックスＨＤ,1,100
2014/01/06,3782,ディ－・ディ－・エス,1,100
2014/01/06,3856,リアルコム,1,100
2014/01/06,4188,三菱ケミカルホ－ルディングス,500,100
2014/01/06,4335,アイ・ピ－・エス,1,100
2014/01/06,4356,応用技術,1,100
2014/01/06,4514,あすか製薬,1000,100
2014/01/06,4527,ロート製薬,1000,100
2014/01/06,4563,アンジェスＭＧ,1,100
2014/01/06,4572,カルナバイオサイエンス,1,100
2014/01/06,4776,サイボウズ,1,100
2014/01/06,4845,フュ－ジョンパ－トナ－,1,100
2014/01/06,4847,インテリジェントウェイブ,1,100
2014/01/06,6376,日機装,1000,100
2014/01/06,6486,イーグル工業,1000,100
2014/01/06,6490,日本ピラー工業,1000,100
2014/01/06,6662,ユビテック,1,100
2014/01/06,7205,日野自動車,1000,100
2014/01/06,7707,プレシジョンシステムサイエンス,1,100
2014/01/06,7752,リコー,1000,100
2014/01/06,7849,スタ－ツ出版,1,100
2014/01/06,8929,青山財産ネットワ－クス,1,100
2014/01/06,9514,ファ－ストエスコ,1,100
2014/01/06,9678,カナモト,1000,100
2014/01/06,9743,丹青社,1000,100
2013/12/02,1928,積水ハウス,1000,100
2013/12/02,2168,パソナグル－プ,1,100
2013/12/02,2437,シンワア－トオ－クション,1,100
2013/12/02,2769,ヴィレッジヴァンガ－ドコ－ポレ,1,100
2013/12/02,2796,ファ－マライズホ－ルディングス,1,100
2013/12/02,3236,プロパスト,1,100
2013/12/02,3420,ケ－・エフ・シ－,1000,100
2013/12/02,3760,ケイブ,1,100
2013/12/02,3791,ＩＧポ－ト,1,100
2013/12/02,3810,サイバ－ステップ,1,100
2013/12/02,3832,Ｔ＆Ｃホ－ルディングス,1,100
2013/12/02,4212,積水樹脂,1000,100
2013/12/02,4633,サカタインクス,1000,100
2013/12/02,4784,ＧＭＯアドパ－トナ－ズ,1,100
2013/12/02,4829,日本エンタ－プライズ,1,100
2013/12/02,4834,キャリアバンク,1,100
2013/12/02,5162,朝日ラバ－,500,100
2013/12/02,6668,アドテックプラズマテクノロジ－,1,100
2013/12/02,7443,横浜魚類,1000,100
2013/12/02,7725,インターアクション,1,100
2013/12/02,7871,フクビ化学工業,1000,100
2013/12/02,8166,タカキュー,500,100
2013/12/02,8887,リベレステ,1,100
2013/12/02,8940,インテリックス,1,100
2013/12/02,9853,銀座ルノアール,1000,100
2013/11/13,3302,帝国繊維,1000,100
2013/11/01,2159,フルスピ－ド,1,100
2013/11/01,2751,テンポスバスタ－ズ,1,100
2013/11/01,2904,一正蒲鉾,1000,100
2013/11/01,3770,ザッパラス,1,100
2013/11/01,6656,インスペック,1,100
2013/11/01,8385,伊予銀行,1000,100
2013/11/01,8922,日本アセットマ－ケティング,1,100
2013/11/01,9425,日本テレホン,1,100
2013/11/01,9444,ト－シン,1,100
2013/11/01,9716,乃村工藝社,1000,100
2013/10/23,7708,ゲ－トウェイホ－ルディングス,1,100
2013/10/01,1605,国際石油開発帝石,1,100
2013/10/01,1711,省電舎,1,100
2013/10/01,1720,東急建設,10,100
2013/10/01,1739,ＳＥＥＤ,1,100
2013/10/01,1780,ヤマウラ,500,100
2013/10/01,1808,長谷工コーポレーション,500,100
2013/10/01,1827,ナカノフド－建設,500,100
2013/10/01,2002,日清製粉グループ本社,500,100
2013/10/01,2131,アコ－ディア・ゴルフ,1,100
2013/10/01,2134,燦キャピタルマネ－ジメント,1,100
2013/10/01,2137,光ハイツ・ヴェラス,1,100
2013/10/01,2138,クル－ズ,1,100
2013/10/01,2144,やまねメディカル,1,100
2013/10/01,2145,デ－タリンクス,1,100
2013/10/01,2155,カ－ビュ－,1,100
2013/10/01,2304,ＣＳＳホ－ルディングス,1,100
2013/10/01,2315,ＳＪＩ,1,100
2013/10/01,2351,ＡＳＪ,1,100
2013/10/01,2372,アイロムホ－ルディングス,1,100
2013/10/01,2393,日本ケアサプライ,1,100
2013/10/01,2397,ＤＮＡチップ研究所,1,100
2013/10/01,2400,メッセ－ジ,1,100
2013/10/01,2412,ベネフィット・ワン,1,100
2013/10/01,2415,ヒュ－マンホ－ルディングス,1,100
2013/10/01,2433,博報堂ＤＹホ－ルディングス,10,100
2013/10/01,2454,オ－ルアバウト,1,100
2013/10/01,2464,ビジネス・ブレ－クスル－,1,100
2013/10/01,2467,バルクホ－ルディングス,1,100
2013/10/01,2489,アドウェイズ,1,100
2013/10/01,2665,三井情報,1,100
2013/10/01,2681,ゲオホ－ルディングス,1,100
2013/10/01,2712,スタ－バックスコ－ヒ－ジャパン,1,100
2013/10/01,2753,あみやき亭,1,100
2013/10/01,2759,アイフラッグ,1,100
2013/10/01,2760,東京エレクトロンデバイス,1,100
2013/10/01,2763,エフティコミュニケ－ションズ,1,100
2013/10/01,2766,日本風力開発,1,100
2013/10/01,2799,パイオン,1,100
2013/10/01,2805,エスビー食品,500,100
2013/10/01,2819,エバラ食品工業,1000,100
2013/10/01,2901,石垣食品,1000,100
2013/10/01,3032,ゴルフ・ドゥ,1,100
2013/10/01,3047,ＴＲＵＣＫ－ＯＮＥ,1,100
2013/10/01,3067,東京一番フ－ズ,1,100
2013/10/01,3250,エ－・ディ－・ワ－クス,1,100
2013/10/01,3315,日本コ－クス工業,500,100
2013/10/01,3316,東京日産コンピュ－タシステム,1,100
2013/10/01,3322,アルファグル－プ,1,100
2013/10/01,3325,ケンコ－コム,1,100
2013/10/01,3346,２１ＬＡＤＹ,1,100
2013/10/01,3347,トラスト,1,100
2013/10/01,3352,バッファロ－,1,100
2013/10/01,3356,テリロジ－,1,100
2013/10/01,3358,ワイエスフ－ド,1,100
2013/10/01,3370,フジタコ－ポレ－ション,1,100
2013/10/01,3372,関門海,1,100
2013/10/01,3375,ＺＯＡ,1,100
2013/10/01,3390,ユニバ－サルソリュ－ションＳ,1,100
2013/10/01,3712,情報企画,1,100
2013/10/01,3715,ドワンゴ,1,100
2013/10/01,3724,ベリサ－ブ,1,100
2013/10/01,3734,インテア・ホ－ルディングス,1,100
2013/10/01,3739,コムシ－ド,1,100
2013/10/01,3742,ＩＴｂｏｏｋ,1,100
2013/10/01,3750,セブンシ－ズホ－ルディングス,1000,100
2013/10/01,3751,日本アジアグル－プ,1,100
2013/10/01,3752,ワイズマン,1,100
2013/10/01,3753,フライトシステムコンサル,1,100
2013/10/01,3756,豆蔵ホ－ルディングス,1,100
2013/10/01,3773,アドバンスト・メディア,1,100
2013/10/01,3784,ヴィンクス,1,100
2013/10/01,3787,テクノマセマティカル,1,100
2013/10/01,3796,いい生活,1,100
2013/10/01,3798,ＵＬＳグル－プ,1,100
2013/10/01,3803,イメ－ジ情報開発,1,100
2013/10/01,3814,アルファクス・フ－ド・システム,1,100
2013/10/01,3825,リミックスポイント,1,100
2013/10/01,3828,ニフティ,1,100
2013/10/01,3834,朝日ネット,1000,100
2013/10/01,3839,ＯＤＫソリュ－ションズ,1,100
2013/10/01,3845,アイフリ－クホ－ルディングス,1,100
2013/10/01,3848,デ－タ・アプリケ－ション,1,100
2013/10/01,3858,ユビキタス,1,100
2013/10/01,4240,クラスタ－テクノロジ－,1,100
2013/10/01,4291,ＪＩＥＣ,1,100
2013/10/01,4293,セプテ－ニ・ホ－ルディングス,1,100
2013/10/01,4295,フェイス,1,100
2013/10/01,4304,Ｅストア－,1,100
2013/10/01,4308,Ｊストリーム,1,100
2013/10/01,4312,サイバネットシステム,1,100
2013/10/01,4316,ビ－マップ,1,100
2013/10/01,4331,テイクアンドギヴ・ニ－ズ,1,100
2013/10/01,4341,西菱電機,1000,100
2013/10/01,4348,インフォコム,1,100
2013/10/01,4534,持田製薬,1000,100
2013/10/01,4559,ゼリア新薬工業,1000,100
2013/10/01,4564,オンコセラピ－・サイエンス,1,100
2013/10/01,4570,免疫生物研究所,10,100
2013/10/01,4642,オリジナル設計,500,100
2013/10/01,4676,フジ・メディア・ホ－ルディング,1,100
2013/10/01,4684,オ－ビック,10,100
2013/10/01,4689,ヤフ－,1,100
2013/10/01,4732,ユ－・エス・エス,10,100
2013/10/01,4733,オ－ビックビジネスコンサルタント,50,100
2013/10/01,4744,メッツ,1,100
2013/10/01,4751,サイバ－エ－ジェント,1,100
2013/10/01,4762,エックスネット,1,100
2013/10/01,4777,ガーラ,1,100
2013/10/01,4792,山田コンサルティンググル―プ,1,100
2013/10/01,4809,パラカ,1,100
2013/10/01,4814,ネクストウェア,1,100
2013/10/01,4819,デジタルガレ－ジ,1,100
2013/10/01,4832,ＪＦＥシステムズ,1,100
2013/10/01,4833,ぱど,1,100
2013/10/01,4838,スペ－スシャワ－ネットワ－ク,1,100
2013/10/01,4839,ＷＯＷＯＷ,1,100
2013/10/01,4849,エン・ジャパン,1,100
2013/10/01,5721,エス・サイエンス,1000,100
2013/10/01,5974,中国工業,1000,100
2013/10/01,6256,ニュ－フレアテクノロジ－,1,100
2013/10/01,6257,藤商事,1,100
2013/10/01,6325,タカキタ,1000,100
2013/10/01,6636,シスウェ－ブホ－ルディングス,10,100
2013/10/01,6659,メディアグロ－バルリンクス,1,100
2013/10/01,6678,テクノメディカ,1,100
2013/10/01,6719,富士通コンポ－ネント,1,100
2013/10/01,6788,日本トリム,50,100
2013/10/01,6791,日本コロムビア,1000,100
2013/10/01,6809,ＴＯＡ,1000,100
2013/10/01,6836,ぷらっとホーム,1,100
2013/10/01,7004,日立造船,500,100
2013/10/01,7262,ダイハツ工業,1000,100
2013/10/01,7270,富士重工業,1000,100
2013/10/01,7280,ミツバ,1000,100
2013/10/01,7618,ピ－シ－デポコ－ポレ－ション,1,100
2013/10/01,7709,クボテック,1,100
2013/10/01,7748,ホロン,1,100
2013/10/01,7836,アビックス,1,100
2013/10/01,7844,マ－ベラスＡＱＬ,1,100
2013/10/01,7853,ＹＡＭＡＴＯ,1,100
2013/10/01,8070,東京産業,500,100
2013/10/01,8104,クワザワ,1000,100
2013/10/01,8119,三栄コーポレーション,1000,100
2013/10/01,8226,理経,500,100
2013/10/01,8382,中国銀行,1000,100
2013/10/01,8462,フュ－チャ－ベンチャ－キャピタ,1,100
2013/10/01,8515,アイフル,50,100
2013/10/01,8572,アコム,10,100
2013/10/01,8585,オリエントコーポレーション,500,100
2013/10/01,8698,マネックスグル－プ,1,100
2013/10/01,8704,トレイダ－ズホ－ルディングス,1,100
2013/10/01,8728,マネ－スクウェア・ジャパン,1,100
2013/10/01,8732,マネーパートナーズグル－プ,1,100
2013/10/01,8739,スパ－クス・グル－プ,1,100
2013/10/01,8750,第一生命保険,1,100
2013/10/01,8769,アドバンテッジリスクマネジメン,10,100
2013/10/01,8772,アサックス,1,100
2013/10/01,8870,住友不動産販売,10,100
2013/10/01,8891,エムジ－ホ－ム,1,100
2013/10/01,8933,エヌ・ティ・ティ都市開発,1,100
2013/10/01,8934,サンフロンティア不動産,1,100
2013/10/01,9412,スカパ－ＪＳＡＴＨＤ,1,100
2013/10/01,9421,ネプロジャパン,1,100
2013/10/01,9423,フォ－バル・リアルストレ－ト,1,100
2013/10/01,9437,ＮＴＴドコモ,1,100
2013/10/01,9445,フォ－バルテレコム,1,100
2013/10/01,9608,福山コンサルタント,1000,100
2013/10/01,9613,ＮＴＴデ－タ,1,100
2013/10/01,9629,ピ－・シ－・エ－,500,100
2013/10/01,9708,帝国ホテル,50,100
2013/10/01,9765,オオバ,1000,100
2013/10/01,9831,ヤマダ電機,10,100
2013/10/01,9872,北恵,1000,100
2013/10/01,9997,ベルーナ,50,100
2013/09/24,6161,エスティック,1,100
2013/09/24,8256,プロルート丸光,500,100
2013/09/02,1712,ダイセキ環境ソリュ－ション,1,100
2013/09/02,1865,青木あすなろ建設,500,100
2013/09/02,2337,いちごグル－プホ－ルディングス,1,100
2013/09/02,2683,魚喜,500,100
2013/09/02,2685,ポイント,10,100
2013/09/02,3030,ハブ,1,100
2013/09/02,3063,ジェイグル－プホ－ルディングス,1,100
2013/09/02,3073,ダイヤモンドダイニング,1,100
2013/09/02,3083,シ－ズメン,1,100
2013/09/02,3344,ワンダ－コ－ポレ－ション,1,100
2013/09/02,3627,ネオス,1,100
2013/09/02,4714,リソ－教育,1,100
2013/09/02,5280,ヨシコン,1000,100
2013/09/02,7415,新星堂,500,100
2013/09/02,7610,テイツ－,1,100
2013/09/02,7624,ＮａＩＴＯ,10,100
2013/09/02,8139,ナガホリ,1000,100
2013/09/02,9861,吉野家ホ－ルディングス,1,100
2013/08/01,2776,クリムゾン,1,100
2013/08/01,2929,ファ－マフ－ズ,1,100
2013/08/01,3090,ミネルヴァ・ホ－ルディングス,1,100
2013/08/01,3625,テックファ－ム,1,100
2013/08/01,4287,ジャストプランニング,1,100
2013/08/01,4358,ティ－・ワイ・オ－,500,100
2013/08/01,4764,デジタルデザイン,1,100
2013/08/01,4813,ＡＣＣＥＳＳ,1,100
2013/08/01,6203,豊和工業,1000,100
2013/08/01,7211,三菱自動車工業,1000,100
2013/07/01,1408,サムシングホ－ルディングス,1,100
2013/07/01,2112,塩水港精糖,1000,100
2013/07/01,2128,ノバレ－ゼ,1,100
2013/07/01,2146,ＵＴホ－ルディングス,1,100
2013/07/01,2154,トラスト・テック,1,100
2013/07/01,2307,クロスキャット,1000,100
2013/07/01,2385,総医研ホ－ルディングス,1,100
2013/07/01,2399,綜合臨床ホ－ルディングス,1,100
2013/07/01,2418,ベストブライダル,1,100
2013/07/01,2425,ケアサ－ビス,1,100
2013/07/01,2466,ＰＧＭホ－ルディングス,1,100
2013/07/01,2477,比較．ｃｏｍ,1,100
2013/07/01,2491,バリュ－コマ－ス,1,100
2013/07/01,2499,日本和装ホ－ルディングス,1,100
2013/07/01,2777,カッシ－ナ・イクスシ－,10,100
2013/07/01,3041,ビュ－ティ花壇,1,100
2013/07/01,3053,ペッパ－フ－ドサ－ビス,1,100
2013/07/01,3242,ア－バネットコ－ポレ－ション,1,100
2013/07/01,3319,ゴルフダイジェスト・オンライン,1,100
2013/07/01,3326,ランシステム,1,100
2013/07/01,3623,ビリングシステム,1,100
2013/07/01,3744,サイオステクノロジ－,1,100
2013/07/01,3754,エキサイト,1,100
2013/07/01,3758,アエリア,1,100
2013/07/01,3775,ガイアックス,1,100
2013/07/01,3807,フィスコ,1,100
2013/07/01,3842,ネクストジェン,1,100
2013/07/01,4321,ケネディクス,1,100
2013/07/01,4573,ア－ルテック・ウエノ,1,100
2013/07/01,4722,フュ－チャ－ア－キテクト,1,100
2013/07/01,4765,モ－ニングスタ－,1,100
2013/07/01,4779,ソフトブレ－ン,1,100
2013/07/01,4840,トライアイズ,10,100
2013/07/01,4848,フルキャストホ－ルディングス,1,100
2013/07/01,5456,朝日工業,1,100
2013/07/01,6294,オカダアイヨン,1000,100
2013/07/01,6677,エスケ－エレクトロニクス,1,100
2013/07/01,6784,プラネックスホ－ルディング,1,100
2013/07/01,6888,アクモス,1,100
2013/07/01,7846,パイロットコ－ポレ－ション,1,100
2013/07/01,8885,ラ・アトレ,1,100
2013/07/01,8914,エリアリンク,1,100
2013/07/01,8923,ト－セイ,1,100
2013/07/01,8996,ハウスフリ－ダム,1,100
2013/07/01,9439,エム・エイチ・グル－プ,1,100
2013/07/01,9543,静岡瓦斯,500,100
2013/06/18,2404,鉄人化計画,1,100
2013/06/03,2493,イ－サポ－トリンク,1,100
2013/06/03,2698,キャンドウ,1,100
2013/06/03,2722,アイケイ,1,100
2013/06/03,3377,バイク王＆カンパニ－,1,100
2013/06/03,3824,メディアファイブ,1,100
2013/06/03,6634,ネットインデックス,1,100
2013/06/03,6727,ワコム,1,100
2013/06/03,8998,ＳＢＩライフリビング,1,100
2013/06/03,9636,きんえい,2000,100
2013/05/16,7833,アイフィスジャパン,1,100
2013/05/01,2139,中広,1000,100
2013/05/01,2373,ケア２１,1,100
2013/05/01,3031,ラク－ン,1,100
2013/05/01,3248,ア－ルエイジ,1,100
2013/05/01,3731,京王ズホ－ルディングス,1,100
2013/05/01,7599,ガリバ－インタ－ナショナル,10,100
2013/04/01,2121,ミクシィ,1,100
2013/04/01,2122,インタ－スペ－ス,1,100
2013/04/01,2136,ヒップ,1,100
2013/04/01,2150,ケアネット,1,100
2013/04/01,2175,エス・エム・エス,1,100
2013/04/01,2317,システナ,1,100
2013/04/01,2326,デジタルア－ツ,1,100
2013/04/01,2342,トランスジェニック,1,100
2013/04/01,2411,ゲンダイエ－ジェンシ－,1,100
2013/04/01,2475,ＷＤＢホ－ルディングス,1,100
2013/04/01,2479,ジェイテック,1,100
2013/04/01,2483,翻訳センタ－,1,100
2013/04/01,2488,日本サ－ド・パ－ティ,1,100
2013/04/01,3042,セキュアヴェイル,1,100
2013/04/01,3043,モジュレ,1,100
2013/04/01,3245,ディア・ライフ,1,100
2013/04/01,3252,日本商業開発,1,100
2013/04/01,3359,タイセイ,1,100
2013/04/01,3624,アクセルマ－ク,1,100
2013/04/01,3723,日本ファルコム,1,100
2013/04/01,3726,フェヴリナホ－ルディングス,1,100
2013/04/01,3747,インタ－トレ－ド,1,100
2013/04/01,3762,テクマトリックス,1,100
2013/04/01,3776,ブロ－ドバンドタワ－,1,100
2013/04/01,3830,ギガプライズ,1,100
2013/04/01,3835,ｅＢＡＳＥ,1,100
2013/04/01,3841,ジ－ダット,1,100
2013/04/01,3850,ＮＴＴデ－タイントラマ－ト,1,100
2013/04/01,3851,日本一ソフトウェア,1,100
2013/04/01,4281,デジタル・アドバタイジング,1,100
2013/04/01,4318,クイック,1000,100
2013/04/01,4327,日本エス・エイチ・エル,1,100
2013/04/01,4346,ネクシィ－ズ,1,100
2013/04/01,4565,そ－せいグル－プ,1,100
2013/04/01,4625,アトミクス,1000,100
2013/04/01,4800,オリコン,1,100
2013/04/01,5287,イト－ヨ－ギョ－,1000,100
2013/04/01,5742,エヌアイシ・オ－トテック,1,100
2013/04/01,5912,日本橋梁,50,100
2013/04/01,6144,西部電機,1000,100
2013/04/01,6402,兼松エンジニアリング,1000,100
2013/04/01,6409,キト－,1,100
2013/04/01,6648,かわでん,1,100
2013/04/01,6754,アンリツ,1000,100
2013/04/01,7521,ムサシ,500,100
2013/04/01,7604,梅の花,1,100
2013/04/01,8591,オリックス,10,100
2013/04/01,8593,三菱ＵＦＪリ－ス,10,100
2013/04/01,8616,東海東京フィナンシャル・ＨＤ,1000,100
2013/04/01,8709,インヴァスト証券,1,100
2013/04/01,8783,ＧＦＡ,1,100
2013/04/01,8898,センチュリ－２１・ジャパン,1,100
2013/04/01,8903,サンウッド,1,100
2013/04/01,8944,ランドビジネス,1,100
2013/04/01,8995,誠建設工業,1,100
2013/04/01,9059,カンダホ－ルディングス,1000,100
2013/04/01,9438,エムティ－アイ,1,100
2013/04/01,9624,長大,500,100
2013/04/01,9837,モリト,1000,100
2013/03/01,2338,ファステップス,1,100
2013/03/01,2484,夢の街創造委員会,1,100
2013/03/01,2726,パル,50,100
2013/03/01,2764,ひらまつ,1,100
2013/03/01,3027,レデイ薬局,1,100
2013/03/01,3350,フォンツ・ホ－ルディングス,1,100
2013/03/01,3440,日創プロニティ,1,100
2013/03/01,4763,クリーク・アンド・リバー社,1,100
2013/03/01,8037,カメイ,1000,100
2013/03/01,8175,ベスト電器,500,100
2013/03/01,8904,サンヨ－ハウジング名古屋,1,100
2013/02/28,6665,エルピ－ダメモリ,100,1
2013/02/01,3046,ジェイアイエヌ,1000,100
2013/02/01,3070,アマガサ,1,100
2013/02/01,3399,丸千代山岡家,1,100
2013/02/01,5809,タツタ電線,1000,100
2013/02/01,7408,ジャムコ,1000,100
2013/02/01,8912,エリアクエスト,1,100
2013/01/10,8737,あかつきフィナンシャルグル－プ,1000,100
2013/01/04,2124,ジェイエイシ－リクル－トメント,10,100
2013/01/04,2169,ＣＤＳ,1,100
2013/01/04,2174,ＧＣＡサヴィアングル－プ,1,100
2013/01/04,2325,日本上下水道設計,1,100
2013/01/04,2375,スリ－プログル－プ,1,100
2013/01/04,2389,オプト,1,100
2013/01/04,2461,ファンコミュニケ－ションズ,1,100
2013/01/04,2492,インフォマ－ト,1,100
2013/01/04,3241,ウィル,1,100
2013/01/04,3386,コスモ・バイオ,1,100
2013/01/04,3622,ネットイヤ－グル－プ,1,100
2013/01/04,4286,レッグス,1,100
2013/01/04,6769,ザインエレクトロニクス,1,100
2013/01/04,7899,ＭＩＣＳ化学,1000,100
2013/01/04,8697,大阪証券取引所,1,100
2013/01/04,8909,シノケングル－プ,1,100
2013/01/04,8946,陽光都市開発,1,100
2013/01/04,9441,ベルパ－ク,1,100
2012/12/03,2459,アウンコンサルティング,1,100
2012/12/03,2471,エスプ－ル,1,100
2012/12/03,3230,スタ－・マイカ,1,100
2012/12/03,7835,ウィズ,1,100
2012/12/03,8892,日本エスコン,1,100
2012/12/03,9748,エヌジェーケー,1000,100
2012/11/01,9607,ＡＯＩＰｒｏ．,500,100
2012/10/01,1890,東洋建設,1000,100
2012/10/01,1929,日特建設,1000,100
2012/10/01,2132,アイレップ,1,100
2012/10/01,2176,イナリサ－チ,1,100
2012/10/01,2345,システム・テクノロジ－・アイ,1,100
2012/10/01,2374,セントケア・ホ－ルディング,1,100
2012/10/01,2468,フュ－トレック,1,100
2012/10/01,2656,ベクター,1,100
2012/10/01,2767,フィ－ルズ,1,100
2012/10/01,2907,あじかん,500,100
2012/10/01,2928,健康コ－ポレ－ション,1,100
2012/10/01,3069,アスラポート・ダイニング,1,100
2012/10/01,3738,ティ－ガイア,1,100
2012/10/01,3768,リスクモンスタ－,1,100
2012/10/01,3774,インタ－ネットイニシアティブ,1,100
2012/10/01,3785,エイティング,1,100
2012/10/01,4239,ポラテクノ,1,100
2012/10/01,4344,ソ－スネクスト,1,100
2012/10/01,4345,シ－ティ－エス,1,100
2012/10/01,5009,富士興産,1000,100
2012/10/01,5697,サンユウ,1000,100
2012/10/01,6993,森電機,1000,100
2012/10/01,7749,メディキット,10,100
2012/10/01,7837,ア－ルシ－コア,1,100
2012/10/01,8014,蝶理,1000,100
2012/10/01,8473,ＳＢＩホ－ルディングス,1,100
2012/10/01,8803,平和不動産,500,100
2012/10/01,8871,ゴ－ルドクレスト,10,100
2012/10/01,8938,ロジコム,1,100
2012/10/01,9022,東海旅客鉄道,1,100
2012/10/01,9404,日本テレビ放送網,10,100
2012/10/01,9409,テレビ朝日,1,100
2012/10/01,9433,ＫＤＤＩ,1,100
2012/10/01,9436,沖縄セルラ－電話,1,100
2012/10/01,9478,ＳＥホ－ルディングス,1,100
2012/09/10,2362,夢真ホ－ルディングス,1000,100
2012/09/03,2379,ディップ,1,100
2012/09/03,2734,サ－ラコ－ポレ－ション,500,100
2012/09/03,3826,システムインテグレ－タ,1,100
2012/09/03,7847,グラファイトデザイン,1,100
2012/08/01,2156,セ－ラ－広告,1000,100
2012/08/01,7638,シ－マ,10,100
2012/07/17,1757,クレアホ－ルディングス,10,100
2012/07/02,1835,東鉄工業,1000,100
2012/07/02,2369,メディビックグル－プ,1,100
2012/07/02,2428,ウェルネット,1,100
2012/07/02,2914,日本たばこ産業,1,100
2012/07/02,3082,きちり,1,100
2012/07/02,3604,川本産業,1000,100
2012/07/02,3620,デジタルハ－ツ,1,100
2012/07/02,3769,ＧＭＯペイメントゲ－トウェイ,1,100
2012/07/02,3808,オウケイウェイヴ,1,100
2012/07/02,4569,キョ－リン製薬ホ－ルディングス,1000,100
2012/07/02,4755,楽天,1,100
2012/07/02,6156,エ－ワン精密,1,100
2012/07/02,7250,太平洋工業,1000,100
2012/07/02,8589,アプラスフィナンシャル,500,100
2012/07/02,9535,広島ガス,1000,100
2012/06/01,2303,ド－ン,1,100
2012/06/01,3021,パシフィックネット,1,100
2012/06/01,3353,メディカル一光,1,100
2012/06/01,6848,東亜ディ－ケ－ケ－,1000,100
2012/05/01,2438,アスカネット,1,100
2012/05/01,3361,ト－エル,1000,100
2012/05/01,3843,フリ－ビット,1,100
2012/05/01,5542,新報国製鉄,200,100
2012/05/01,5999,イハラサイエンス,1000,100
2012/05/01,7727,オーバル,1000,100
2012/05/01,7968,田崎真珠,1000,100
2012/05/01,9973,小僧寿し本部,500,100
2012/04/02,2127,日本Ｍ＆Ａセンタ－,1,100
2012/04/02,2130,メンバ－ズ,1,100
2012/04/02,2173,博展,1,100
2012/04/02,2782,セリア,1,100
2012/04/02,3034,クオ－ル,1,100
2012/04/02,3392,デリカフ－ズ,1,100
2012/04/02,3844,コムチュア,1,100
2012/04/02,4771,エフアンドエム,1,100
2012/04/02,5956,トーソー,1000,100
2012/04/02,6638,ミマキエンジニアリング,1,100
2012/04/02,7518,ネットワンシステムズ,1,100
2012/04/02,8999,グランディハウス,1,100
2012/03/01,2266,六甲バター,1000,100
2012/03/01,3243,ダイヨシトラスト,1,100
2012/02/10,6458,新晃工業,1000,100
2012/02/01,3811,ビットアイル,1,100
2012/01/04,2384,ＳＢＳホ－ルディングス,1,100
2012/01/04,3385,薬王堂,1,100
2012/01/04,3831,パイプドビッツ,1,100
2012/01/04,6245,ヒラノテクシ－ド,1000,100
2012/01/04,8229,ＣＦＳコ－ポレ－ション,500,100
2012/01/04,9922,日立機材,500,100
2011/12/20,3727,ガイアホ―ルディングス,1,100
2011/12/01,8410,セブン銀行,1,100
2011/11/18,3366,一六堂,1,100
2011/11/01,6149,小田原エンジニアリング,500,100
2011/10/03,1724,シンクレイヤ,1000,100
2011/10/03,1805,飛島建設,500,100
2011/10/03,2120,ネクスト,1,100
2011/10/03,2497,ｎｇｉｇｒｏｕｐ,1,100
2011/10/03,3251,駐車場綜合研究所,1,100
2011/10/03,3397,トリド－ル,1,100
2011/10/03,3778,さくらインタ－ネット,1,100
2011/10/03,4290,プレステ－ジインタ－ナショナル,1,100
2011/10/03,4336,クリエアナブキ,1,100
2011/10/03,4708,もしもしホットライン,50,100
2011/10/03,5184,ニチリン,1000,100
2011/10/03,5991,日本発條,1000,100
2011/10/03,6670,ＭＣＪ,1,100
2011/10/03,8630,ＮＫＳＪホ－ルディングス,1000,100
2011/10/03,8767,ウェブクル－,1,100
2011/10/03,8795,Ｔ＆Ｄホ－ルディングス,50,100
2011/10/03,8798,アドバンスクリエイト,1,100
2011/10/03,9707,メデカジャパン,1000,100
2011/09/01,2157,コシダカホ－ルディングス,1,100
2011/09/01,2290,米久,500,100
2011/09/01,2927,ＡＦＣ－ＨＤアムスライフサイエ,10,100
2011/09/01,6289,技研製作所,1000,100
2011/09/01,6812,ジャルコ,1000,100
2011/09/01,9857,英和,500,100
2011/08/16,2786,サッポロドラッグストア－,1,100
2011/08/01,2371,カカクコム,1,100
2011/08/01,3246,コ－セ－ア－ルイ－,1,100
2011/08/01,3441,山王,10,100
2011/08/01,4645,市進ホ－ルディングス,500,100
2011/08/01,5986,モリテックスチール,1000,100
2011/08/01,6334,明治機械,1000,100
2011/08/01,6976,太陽誘電,1000,100
2011/08/01,8120,大木,1000,100
2011/08/01,8182,いなげや,1000,100
2011/07/25,3779,ジェイエスコムホ－ルディングス,1000,100
2011/07/15,4233,プリヴェ企業再生グル－プ,1000,100
2011/07/01,1413,桧家住宅,1,100
2011/07/01,2757,オストジャパングル－プ,1,100
2011/07/01,3766,システムズ・デザイン,500,100
2011/07/01,3853,インフォテリア,1,100
2011/07/01,6140,旭ダイヤモンド工業,1000,100
2011/07/01,7703,川澄化学工業,1000,100
2011/07/01,7825,ＳＲＩスポ－ツ,1,100
2011/07/01,7936,アシックス,1000,100
2011/07/01,9021,西日本旅客鉄道,1,100
2011/07/01,9995,ルネサスイ－ストン,1000,100
2011/06/29,6357,三精輸送機,500,100
2011/06/28,5161,西川ゴム工業,1000,100
2011/06/10,1305,ダイワ上場投信－トピックス,100,10
2011/06/10,1310,ダイワ－トピックス・コア３０,100,10
2011/06/10,1320,ダイワ上場投信－日経２２５,10,1
2011/06/10,1610,ダイワ－東証電気機器株価指数,100,10
2011/06/10,1612,ダイワ－東証銀行業株価指数,1000,100
2011/06/01,1401,エムビ－エス,1,100
2011/06/01,2405,ＦＵＪＩＫＯＨ,10,100
2011/06/01,2419,日本ＥＲＩ,1,100
2011/06/01,2462,ジェイコムホ－ルディングス,1,100
2011/06/01,9072,日本梱包運輸倉庫,1000,100
2011/05/18,8836,ＲＩＳＥ,1000,100
2011/05/16,7954,ＥＭＣＯＭホ－ルディングス,1000,100
2011/05/10,8710,シティグループ・インク,50,1
2011/05/02,1736,オ－テック,1000,100
2011/05/02,4355,ロングライフホ－ルディング,1,100
2011/04/01,2309,シミック,10,100
2011/04/01,2352,エイジア,1,100
2011/04/01,2440,ぐるなび,1,100
2011/04/01,3055,ほくやく・竹山ホ－ルディングス,500,100
2011/04/01,3254,プレサンスコ－ポレ－ション,1,100
2011/04/01,4320,シ－エスアイ,1,100
2011/04/01,4552,日本ケミカルリサ－チ,1000,100
2011/04/01,4974,タカラバイオ,1,100
2011/04/01,6324,ハ－モニックドライブシステムズ,1,100
2011/04/01,8012,長瀬産業,1000,100
2011/04/01,8729,ソニ－フィナンシャルＨＤ,1,100
2011/04/01,8771,イ－・ギャランティ,1,100
2011/03/01,2164,地域新聞社,1,100
2011/03/01,3587,アイビ－ダイワ,1000,100
2011/02/28,9822,クロニクル,1000,100
2011/02/01,3092,スタ－トトゥデイ,1,100
2011/01/04,3085,ア－クランドサ－ビス,1,100
2011/01/04,3730,マクロミル,1,100
2011/01/04,6661,オプテックス・エフエ－,1,100
2011/01/04,9133,東栄リーファーライン,1000,100
2011/01/04,9795,ステップ,1000,100
2010/12/01,1870,矢作建設工業,1000,100
2010/12/01,2153,Ｅ・Ｊホ－ルディングス,10,100
2010/12/01,3089,テクノアルファ,1,100
2010/12/01,4410,ハリマ化成,1000,100
2010/12/01,4508,田辺三菱製薬,1000,100
2010/12/01,5945,天龍製鋸,1000,100
2010/12/01,6476,富士テクニカ,1000,100
2010/12/01,8163,サトレストランシステムズ,1000,100
2010/11/15,2427,アウトソ－シング,1,100
2010/10/01,2148,アイティメディア,1,100
2010/10/01,3360,シップヘルスケアＨＤ,1,100
2010/10/01,3393,スタ－ティア,1,100
2010/10/01,6268,ナブテスコ,1000,100
2010/10/01,6284,日精エー・エス・ビー機械,1000,100
2010/10/01,6401,ソディックプラステック,1,100
2010/10/01,7577,パスポ－ト,1000,100
2010/10/01,8945,日本社宅サ－ビス,1,100
2010/09/01,5358,イソライト工業,1000,100
2010/09/01,8079,正栄食品工業,1000,100
2010/08/03,3113,Ｏａｋキャピタル,1000,100
2010/08/02,2311,エプコ,1,100
2010/08/02,2816,ダイショ－,1000,100
2010/08/02,3121,マ－チャント・バンカ－ズ,1000,100
2010/08/02,4021,日産化学工業,1000,100
2010/08/02,9876,コックス,1000,100
2010/07/01,2053,中部飼料,1000,100
2010/07/01,2874,横浜冷凍,1000,100
2010/07/01,2915,ケンコーマヨネーズ,1000,100
2010/07/01,3054,ハイパ－,1,100
2010/07/01,3405,クラレ,500,100
2010/07/01,3836,ディ－バ,1,100
2010/07/01,3953,大村紙業,1000,100
2010/07/01,4649,大成,500,100
2010/07/01,4965,曽田香料,1000,100
2010/07/01,5607,中央可鍛工業,1000,100
2010/07/01,5906,エムケ－精工,1000,100
2010/07/01,6498,キッツ,1000,100
2010/07/01,9322,川西倉庫,1000,100
2010/07/01,9405,朝日放送,10,100
2010/06/01,2432,ディ－・エヌ・エ－,1,100
2010/06/01,4754,トスネット,1000,100
2010/06/01,9446,エスケ－アイ,1,100
2010/06/01,9960,東テク,1000,100
2010/05/06,2695,くらコーポレーション,1,100
2010/04/01,3062,アライドハ－ツホ－ルディングス,1000,100
2010/04/01,4033,日東エフシ－,1000,100
2010/04/01,4547,キッセイ薬品工業,1000,100
2010/04/01,8001,伊藤忠商事,1000,100
2010/04/01,8703,カブドットコム証券,1,100
2010/04/01,9422,アイ・ティ－・シ－ネットワ－ク,1,100
2010/04/01,9544,東日本ガス,1000,100
2010/03/01,3093,トレジャ－・ファクトリ－,1,100
2010/03/01,3228,三栄建築設計,1,100
2010/03/01,5268,旭コンクリート工業,1000,100
2010/03/01,7227,アスカ,1000,100
2010/03/01,9381,エ－アイテイ－,1,100
2010/02/01,2708,久世,1000,100
2010/02/01,3891,ニッポン高度紙工業,1000,100
2010/01/04,2429,ワ－ルドインテック,1,100
2010/01/04,2485,ティア,1,100
2010/01/04,2735,ワッツ,1,100
2010/01/04,4923,コタ,500,100
2010/01/04,5448,東京鋼鐵,1000,100
2010/01/04,6497,ハマイ,1000,100
2010/01/04,9476,中央経済社,500,100
2005/11/07,9663,ナガワ,1000,100
2005/11/01,3422,丸順,1000,100
2005/11/01,5277,スパンクリートコーポレーション,1000,100
2005/11/01,5386,鶴弥,500,100
2005/11/01,6327,北川精機,1000,100
2005/11/01,6477,ツバキ・ナカシマ,500,100
2005/11/01,6889,オーデリック,1000,100
2005/11/01,6929,日本セラミック,1000,100
2005/11/01,7014,名村造船所,1000,100
2005/11/01,7510,竹菱電機,1000,100
2005/11/01,7706,セントラルユニ,1000,100
2005/11/01,7875,竹田印刷,1000,100
2005/11/01,7902,ソノコム,1000,100
2005/11/01,7976,三菱鉛筆,1000,100
2005/11/01,9029,ヒガシトゥエンティワン,1000,100
2005/11/01,9119,飯野海運,1000,100
2005/11/01,9936,王将フードサービス,1000,100
2005/10/03,2002,日清製粉グループ本社,1000,500
2005/10/03,2220,亀田製菓,1000,100
2005/10/03,2773,ミューチュアル,1000,100
2005/10/03,4718,早稲田アカデミー,1000,100
2005/10/03,5463,丸一鋼管,1000,100
2005/10/03,6436,アマノ,1000,100
2005/10/03,6493,日鍛バルブ,1000,100
2005/10/03,6495,宮入バルブ製作所,1000,100
2005/10/03,6586,マキタ,1000,100
2005/10/03,7442,中山福,1000,100
2005/10/03,8258,オーエムシーカード,1000,100
2005/10/03,9036,東部ネットワーク,1000,100
2005/10/03,9768,国土環境,1000,100
2005/09/05,1821,三井住友建設,1000,100
2005/09/01,1332,日本水産,1000,100
2005/09/01,2222,寿製菓,1000,100
2005/09/01,4667,アイサンテクノロジー,1000,100
2005/09/01,5973,トーアミ,1000,100
2005/09/01,5975,東プレ,1000,100
2005/09/01,6958,日本シイエムケイ,1000,100
2005/09/01,7598,ナイスクラップ,1000,100
2005/09/01,7732,トプコン,1000,100
2005/09/01,7736,ユニオンホールディングス,1000,100
2005/09/01,8127,ヤマトインターナショナル,1000,500
2005/09/01,8153,モスフードサービス,1000,100
2005/09/01,8573,三洋信販,100,10
2005/09/01,8603,日興コーディアルグループ,1000,500
2005/09/01,8806,ダイビル,1000,100
2005/09/01,8864,空港施設,1000,100
2005/09/01,9113,乾汽船,1000,100
2005/08/10,5955,ヤマシナ,1000,100
2005/08/04,6766,宮越商事,1000,100
2005/08/02,6494,日本ファーネス工業,1000,100
2005/08/02,8308,りそなホールディングス,1000,1
2005/08/02,8696,ＳＢＩ証券,100,1
2005/08/01,2300,きょくとう,1000,100
2005/08/01,2814,佐藤食品工業,1000,100
2005/08/01,4462,石原薬品,1000,100
2005/08/01,4684,オービック,100,50
2005/08/01,5802,住友電気工業,1000,100
2005/08/01,6298,ワイエイシイ,1000,100
2005/08/01,6304,マキ製作所,1000,100
2005/08/01,6383,ダイフク,1000,500
2005/08/01,6421,キヤノンファインテック,1000,100
2005/08/01,6593,ローヤル電機,1000,100
2005/08/01,6770,アルプス電気,1000,100
2005/08/01,7298,八千代工業,1000,100
2005/08/01,7460,ヤギ,1000,100
2005/08/01,7480,スズデン,500,100
2005/08/01,7527,システムソフト,1000,100
2005/08/01,7906,ヨネックス,1000,100
2005/08/01,7928,旭化学工業,1000,500
2005/08/01,8228,マルイチ産商,1000,100
2005/08/01,9115,明治海運,1000,100
2005/08/01,9318,ジェイ・ブリッジ,1000,100
2005/08/01,9815,カテナ,1000,100
2005/07/01,2673,ＳＴＥＩＬＡＲＣ．Ｋ．Ｍ,1000,100
2005/07/01,3512,日本フエルト,1000,100
2005/07/01,3598,山喜,1000,100
2005/07/01,3971,東セロ,1000,500
2005/07/01,4740,ニューディール,1000,100
2005/07/01,5387,チヨダウーテ,1000,100
2005/07/01,5963,日立ツール,500,100
2005/07/01,6411,中野冷機,1000,100
2005/07/01,7217,テイン,1000,100
2005/07/01,7229,ユタカ技研,1000,100
2005/07/01,7438,コンドーテック,500,100
2005/07/01,7739,キヤノン電子,1000,100
2005/07/01,8087,フルサト工業,500,100
2005/07/01,8706,極東証券,1000,100
2005/07/01,9812,テーオー小笠原,1000,100
2005/06/01,2009,鳥越製粉,1000,100
2005/06/01,2576,近畿コカ・コーラボトリング,1000,100
2005/06/01,3001,片倉工業,1000,100
2005/06/01,4530,久光製薬,1000,100
2005/06/01,6143,ソディック,1000,100
2005/06/01,6333,帝国電機製作所,1000,100
2005/06/01,6925,ウシオ電機,1000,100
2005/05/27,1722,ミサワホームホールディング,1000,100
2005/05/10,8263,ダイエー,500,50
2005/05/06,9623,キャノンソフトウェア,1000,100
2005/05/02,2344,平安レイサービス,1000,100
2005/05/02,3710,ジョルダン,1000,100
2005/05/02,6293,日精樹脂工業,1000,100
2005/05/02,7452,マツヤ,1000,100
2005/05/02,8624,いちよし証券,1000,100
2005/04/27,5756,東海アルミ箔,1000,100
2005/04/21,7962,キングジム,1000,100
2005/04/01,2267,ヤクルト本社,1000,100
2005/04/01,4916,ノエビア,1000,100
2005/04/01,5461,中部鋼鈑,1000,100
2005/04/01,6819,オメガ・プロジェクト,1000,100
2005/04/01,9035,第一交通産業,500,100
2005/04/01,9057,遠州トラック,1000,100
2005/04/01,9653,メガブレーン,1000,100
2005/04/01,9888,ＵＥＸ,1000,100
2005/03/28,4923,コタ,1000,500
2005/03/01,4544,富士レビオ,500,100
2005/03/01,5187,クリエートメディック,1000,100
2005/03/01,5727,東邦チタニウム,1000,100
2005/03/01,6210,東洋機械金属,1000,100
2005/03/01,6517,デンヨー,1000,100
2005/03/01,6794,フォスター電機,1000,100
2005/03/01,8065,佐藤商事,1000,100
2005/03/01,9204,スカイマーク　エアラインズ,1,100
2005/02/07,7456,松田産業,500,100
2005/02/01,4782,オリエンタルコンサルタンツ,1000,100
2005/02/01,6338,タカトリ,1000,100
2005/02/01,6463,帝国ピストンリング,1000,100
2005/02/01,7480,スズデン,1000,500
2005/02/01,8692,だいこう証券ビジネス,1000,100
2005/02/01,9651,日本プロセス,1000,100
2005/02/01,9706,日本空港ビルディング,1000,100
2005/02/01,9892,卑弥呼,1000,100
2005/01/14,7643,ダイイチ,1000,100
2005/01/04,4234,サンエー化研,1000,100
2005/01/04,4554,富士製薬工業,1000,100
2005/01/04,4987,寺岡製作所,1000,100
2005/01/04,5976,高周波熱錬,1000,100
2005/01/04,8604,野村ホールディング,1000,100
2004/12/01,1717,明豊ファシリティワークス,1000,100
2004/12/01,4705,クリップコーポレーション,1000,100
2004/12/01,5191,東海ゴム工業,1000,100
2004/12/01,5903,シンポ,1000,100
2004/12/01,6344,エヌイーシーマシナリー,500,100
2004/12/01,6387,サムコインターナショナル研究所,1000,100
2004/12/01,6841,横河電機,1000,100
2004/12/01,6879,フォトロン,1000,100
2004/12/01,6995,東海理化電機製作所,1000,100
2004/12/01,7880,南部化成,1000,100
2004/12/01,9055,アルプス物流,1000,100
2004/11/19,1751,日立プラント建設サービス,1000,100
2004/11/19,7745,エー・アンド・デイ,1000,100
2004/11/08,4830,プライムシステム,1000,10
2004/11/01,4843,三幸,1000,100
2004/11/01,5901,東洋製罐,1000,100
2004/11/01,5965,フジマック,1000,100
2004/11/01,8866,幸洋コーポレーション,1000,100
2004/11/01,9824,泉州電業,500,100
2004/11/01,9964,アイテック,1000,100
2004/10/01,1757,キーイングホーム,1000,100
2004/10/01,2572,三国ｺｶ･ｺｰﾗﾎﾞﾄﾘﾝｸﾞ,1000,100
2004/10/01,2675,ダイナック,1000,100
2004/10/01,2719,キタムラ,1000,100
2004/10/01,2902,太陽化学,1000,100
2004/10/01,3102,カネボウ,1000,100
2004/10/01,4080,田中化学研究所,1000,100
2004/10/01,4951,エステー化学,1000,100
2004/10/01,4970,東洋合成工業,1000,100
2004/10/01,5938,ＩＮＡＸトステム・ホールディングス,1000,100
2004/10/01,6155,高松機械工業,1000,100
2004/10/01,6305,日立建機,1000,100
2004/10/01,6357,三精輸送機,1000,500
2004/10/01,6367,ダイキン工業,1000,100
2004/10/01,6415,ニスカ,1000,100
2004/10/01,6881,キョウデン,1000,100
2004/10/01,6974,日本インター,1000,100
2004/10/01,7467,萩原電気,1000,100
2004/10/01,9054,大和物流,1000,100
2004/10/01,9368,キムラユニティー,1000,100
2004/10/01,9908,日本電計,1000,100
2004/09/21,6385,東精エンジニアリング,1000,100
2004/09/10,6859,エスペック,1000,100
2004/09/10,8920,東祥,1000,100
2004/09/01,4065,紀文フードケミファ,1000,100
2004/09/01,4187,大阪有機化学工業,1000,100
2004/09/01,4901,富士写真フィルム,1000,100
2004/09/01,6319,シンニッタン,1000,100
2004/09/01,6584,三桜工業,1000,100
2004/09/01,6824,新コスモス電機,1000,100
2004/09/01,6952,カシオ計算機,1000,100
2004/09/01,7571,ヤマノホールディングコーポレーション,1000,100
2004/09/01,7590,タカショー,1000,100
2004/09/01,7638,シーマ,100,10
2004/09/01,7716,ナカニシ,1000,100
2004/09/01,7762,シチズン時計,1000,100
2004/09/01,8058,三菱商事,1000,100
2004/08/03,2750,石光商事,1000,100
2004/08/02,4206,アイカ工業,1000,100
2004/08/02,4526,理研ビタミン,1000,100
2004/08/02,4733,オービックビジネスコンサルタント,100,50
2004/08/02,5013,ユシロ化学工業,1000,100
2004/08/02,6136,オーエスジー,1000,100
2004/08/02,6337,テセック,1000,100
2004/08/02,6420,福島工業,500,100
2004/08/02,6652,和泉電気,500,100
2004/08/02,6893,タイテック,1000,100
2004/08/02,6908,イリソ電子工業,1000,100
2004/08/02,7264,ムロコーポレーション,1000,100
2004/08/02,7272,ヤマハ発動機,1000,100
2004/08/02,7472,鳥羽洋行,1000,100
2004/08/02,7485,岡谷鋼機,1000,100
2004/08/02,7508,オートセブン,1000,100
2004/08/02,7705,ジーエルサイエンス,1000,100
2004/08/02,7855,カーディナル,1000,100
2004/08/02,7927,ムトー精工,1000,100
2004/08/02,7945,コマニー,1000,100
2004/08/02,7955,クリナップ,1000,100
2004/08/02,7988,ニフコ,1000,100
2004/08/02,8129,東邦薬品,1000,100
2004/08/02,8183,セブンイレブン・ジャパン,1000,100
2004/08/02,8195,デニーズジャパン,1000,100
2004/08/02,8264,イトーヨーカ堂,1000,100
2004/08/02,9686,東洋テック,1000,100
2004/08/02,9902,日伝,1000,100
2004/08/02,9919,関西スーパーマーケット,1000,100
2004/08/02,9986,蔵王産業,1000,100
2004/07/01,2376,サイネックス,1000,100
2004/07/01,4358,ティー・ワイ・オー,1000,500
2004/07/01,4770,エルミックシステム,1000,100
2004/07/01,5949,ユニプレス,1000,100
2004/07/01,7539,アベルコ,1000,100
2004/07/01,7594,マルカキカイ,1000,100
2004/07/01,7908,ＫＩＭＯＴＯ,1000,100
2004/07/01,7966,リンテック,1000,100
2004/06/01,2778,パレモ,1000,100
2004/06/01,3313,ブックオフ,1000,100
2004/06/01,4298,プロトコーポレーション,1000,100
2004/06/01,6785,鈴木,1000,100
2004/06/01,6886,グラフィックプロダクツ,1000,100
2004/06/01,8008,アスティ,1000,100
2004/06/01,9324,安田倉庫,1000,100
2004/05/20,8850,スターツ,1000,500
2004/05/07,9152,関西汽船,1000,100
2004/05/06,6760,カシオマイクロニクス,500,100
2004/05/06,7751,キャノン,1000,100
2004/05/06,8848,レオパレス２１,1000,100
2004/05/06,9932,杉本商事,500,100
2004/05/01,2693,ＹＫＴ,1000,100
2004/04/01,1865,あすなろ建設,1000,500
2004/04/01,2378,ルネサンス,1000,100
2004/04/01,3116,豊田紡織,1000,100
2004/04/01,3405,クラレ,1000,500
2004/04/01,4283,松下電工インフォメーションシステムズ,1,100
2004/04/01,4365,松本油脂製薬,1000,500
2004/04/01,5942,日本フィルコン,1000,100
2004/04/01,6405,鈴茂器工,1000,100
2004/04/01,6883,日本電産コパル電子,1000,100
2004/04/01,6920,レーザーテック,1000,100
2004/04/01,7740,タムロン,1000,100
2004/04/01,7845,ハイビック,1000,100
2004/04/01,7940,日本ウェーブロック,1000,100
2004/04/01,8283,パルタック,1000,100
2004/04/01,9429,日立モバイル,1000,100
2004/04/01,9757,船井総合研究所,1000,100
2004/04/01,9814,アシックス商事,1000,100
2004/03/26,7624,内藤,100,10
2004/03/10,7893,亜細亜証券印刷,1000,100
2004/03/09,1827,ナカノコーポレーション,1000,500
2004/03/02,1813,不動建設,1000,100
2004/03/01,2761,トシン電機,1000,100
2004/03/01,8860,フジ住宅,500,100
2004/02/19,8805,日本中央地所,1000,100
2004/02/05,1501,三井鉱山,1000,500
2004/02/02,1723,日本電技,1000,100
2004/02/02,1907,東北ミサワホーム,500,100
2004/02/02,3956,国際チャート,1000,100
2004/02/02,4740,ニューディール,1,1000
2004/02/02,6787,メイコー,1000,100
2004/02/02,8137,サンワテクノス,1000,100
2004/02/02,8194,ライフコーポレーション,1000,100
2004/02/02,8871,ゴールドクレスト,100,10
2004/02/02,9996,サトー商会,1000,100
2004/02/01,7240,ＮＯＫ,1000,100
2004/02/01,9449,グローバルメディアオンライン,500,100
2004/01/30,8193,鈴丹,1000,100
2004/01/20,9869,加藤産業,1000,100
2004/01/05,2680,日本オプティカル,1000,100
2004/01/05,2924,イフジ産業,1000,100
2004/01/05,4746,東計電算,1000,100
2004/01/05,7599,ガリバーインターナショナル,100,10
2004/01/05,7942,ＪＳＰ,1000,100
2004/01/05,9789,栄光,1000,100
2003/12/05,1844,大盛工業,1000,100
2003/12/01,3011,松佳,1000,100
2003/12/01,3123,サイボー,1000,100
2003/12/01,4972,綜研化学,1000,100
2003/11/04,2294,柿安本店,1000,100
2003/11/04,5988,パイオラックス,1000,100
2003/11/04,6855,日本電子材料,1000,100
2003/11/04,7468,アムスク,1000,100
2003/11/04,7637,白銅,1000,100
2003/11/04,7859,アルメディオ,1000,100
2003/11/04,9760,進学会,1000,100
2003/11/04,9963,江守商事,1000,100
2003/11/01,1754,東新住建,1000,100
2003/10/01,1741,ミサワホームサンイン,1000,100
2003/10/01,4695,マイスターエンジニアリング,1000,100
2003/10/01,5852,アーレスティ,1000,100
2003/10/01,6340,澁谷工業,1000,100
2003/10/01,6833,日本電産リード,1000,100
2003/10/01,6923,スタンレー電気,1000,100
2003/10/01,9657,コムテック,1000,100
2003/09/09,7627,なか卯,1000,100
2003/09/01,1879,新日本建設,1000,100
2003/09/01,2502,アサヒビール,1000,100
2003/09/01,7269,スズキ,1000,100
2003/09/01,7603,マックハウス,1000,100
2003/09/01,7638,シーマ,1000,100
2003/09/01,8858,ダイア建設,1000,100
2003/08/21,9843,ニトリ,100,50
2003/08/10,1966,高田工業所,1000,500
2003/08/05,4902,コニカミノルタホールディングス,1000,500
2003/08/01,1491,中外鉱業,1000,100
2003/08/01,4511,藤沢薬品工業,1000,100
2003/08/01,4528,小野薬品工業,1000,100
2003/08/01,4658,日本空調サービス,1000,100
2003/08/01,4660,ニッポン放送,100,10
2003/08/01,5185,フコク,500,100
2003/08/01,6432,竹内製作所,1000,100
2003/08/01,6645,オムロン,1000,100
2003/08/01,7900,大出産業,1000,100
2003/08/01,9058,トランコム,1000,100
2003/08/01,9638,情報技術開発,1000,100
2003/07/31,1805,飛島建設,1000,500
2003/07/22,8893,新日本建物,1000,100
2003/07/01,3534,エヌビーシー,1000,100
2003/07/01,4735,京進,1000,100
2003/07/01,8036,日立ハイテクノロジーズ,1000,100
2003/07/01,9740,セントラル警備保障,500,100
2003/06/25,4707,キタック,1000,100
2003/06/02,4465,ニイタカ,1000,100
2003/06/02,7228,デイトナ,1000,100
2003/05/08,4790,グレース,1,1000
2003/05/01,2729,ＪＡＬＵＸ,500,100
2003/05/01,6291,日本エアーテック,1000,100
2003/05/01,6309,巴工業,1000,100
2003/05/01,7274,ショーワ,1000,100
2003/05/01,7619,田中商事,1000,100
2003/05/01,9611,ディーワンダーランド,1000,100
2003/05/01,9712,ファイ,1000,100
2003/04/01,4548,生化学工業,1000,100
2003/04/01,4963,日本ＰＭＣ,1000,100
2003/04/01,6400,不二精機,1000,100
2003/04/01,7756,日本電産コパル,1000,100
2003/03/04,8834,藤和不動産,1000,500
2003/03/03,2830,アヲハタ,1000,100
2003/03/01,7958,天馬,1000,100
2003/02/25,5480,日本冶金工業,1000,500
2003/02/20,7004,日立造船,1000,500
2003/02/03,2328,アリサカ,1000,100
2003/02/03,4653,ダイオーズ,1000,100
2003/02/03,6821,バーテックス スタンダード,1000,100
2003/02/03,7279,日本ケーブル・システム,1000,100
2003/02/03,7414,小野建,1000,100
2003/02/03,8159,立花エレテック,1000,100
2003/02/03,8908,毎日コムネット,1000,100
2003/01/20,4732,ユー・エス・エス,100,10
2003/01/06,1762,高松建設,500,100
2003/01/06,2207,名糖産業,1000,100
2003/01/06,2737,トーメンデバイス,1000,100
2003/01/06,8160,木曽路,500,100
2002/12/16,6457,グローリー工業,1000,100
2002/12/10,7728,日本電産トーソク,1000,100
2002/12/02,2659,サンエー,1000,100
2002/12/02,2742,ハローズ,1000,100
2002/12/02,4957,ヤスハラケミカル,1000,100
2002/12/02,7221,トヨタ車体,1000,100
2002/12/02,7421,カッパ・クリエイト,1000,100
2002/12/02,8096,兼松エレクトロニクス,1000,100
2002/12/02,8579,東京リース,1000,100
2002/12/02,9791,ビケンテクノ,1000,100
2002/11/01,2805,エスビー食品,1000,500
2002/11/01,4326,インテージ,1000,100
2002/11/01,4660,ニッポン放送,500,100
2002/11/01,6386,扶桑レクセル,1000,100
2002/11/01,6467,ニチダイ,1000,100
2002/11/01,8130,サンゲツ,1000,100
2002/11/01,9401,東京放送,1000,100
2002/11/01,9627,アインファーマシーズ,1000,100
2002/11/01,9885,シャルレ,1000,100
2002/11/01,9948,ラルズ,1000,100
2002/10/01,2671,エフ・ディ・シィ・プロダクツ,1000,100
2002/10/01,4333,東邦システムサイエンス,1000,100
2002/10/01,4334,ユークス,1000,100
2002/10/01,4517,ビオフェルミン製薬,500,100
2002/10/01,5002,昭和シェル石油,1000,100
2002/10/01,7591,エクセル,1000,100
2002/10/01,8133,伊藤忠エネクス,1000,100
2002/10/01,8740,フジトミ,1000,100
2002/10/01,8744,日本ユニコム,1000,100
2002/10/01,8821,立飛企業,1000,100
2002/10/01,8860,フジ住宅,1000,500
2002/09/20,4555,沢井製薬,500,100
2002/09/17,7241,フタバ産業,1000,100
2002/09/02,2676,高千穂交易,1000,100
2002/09/02,4323,日本システム技術,500,100
2002/09/02,4502,武田薬品工業,1000,100
2002/09/02,7440,クラフト,1000,100
2002/09/02,7917,藤森工業,1000,100
2002/09/02,7969,タカラ,1000,100
2002/09/02,8226,理経,1000,500
2002/09/02,8230,はせがわ,1000,100
2002/09/02,9600,アイネット,500,100
2002/08/02,1503,住友石炭鉱業,1000,500
2002/08/02,1808,長谷工コーポレーション,1000,500
2002/08/01,2262,雪印乳業,1000,500
2002/08/01,2674,ハードオフコーポレーション,1000,100
2002/08/01,2705,大戸屋,1000,100
2002/08/01,2818,ピエトロ,1000,100
2002/08/01,3553,共和レザー,1000,100
2002/08/01,3950,ザ・パック,500,100
2002/08/01,4062,イビデン,1000,100
2002/08/01,4271,日本カーリット,1000,100
2002/08/01,4319,タック,1000,100
2002/08/01,4501,三共,1000,100
2002/08/01,4505,第一製薬,1000,100
2002/08/01,4519,中外製薬,1000,100
2002/08/01,4536,参天製薬,1000,100
2002/08/01,5855,アサヒプリテック,1,100
2002/08/01,6418,日本金銭機械,1000,100
2002/08/01,6485,前澤給装工業,1000,100
2002/08/01,6737,ナナオ,1000,100
2002/08/01,6804,ホシデン,1000,100
2002/08/01,6810,日立マクセル,1000,100
2002/08/01,7201,日産自動車,1000,100
2002/08/01,7212,エフテック,1000,100
2002/08/01,7218,田中精密工業,1000,100
2002/08/01,7223,関東自動車工業,1000,100
2002/08/01,7259,アイシン精機,1000,100
2002/08/01,7283,愛三工業,1000,100
2002/08/01,7496,八千代ムセン電機,500,100
2002/08/01,7559,ジーエフシー,1000,100
2002/08/01,7951,ヤマハ,1000,100
2002/08/01,7984,コクヨ,1000,100
2002/08/01,8005,ムトウ,1000,100
2002/08/01,8073,ティー・ゾーン,1000,100
2002/08/01,8574,プロミス,100,50
2002/08/01,8589,アプラス,1000,500
2002/08/01,8599,セントラルリース,1000,100
2002/08/01,9640,セゾン情報システムズ,1000,100
2002/08/01,9894,アトル,1000,100
2002/08/01,9997,ベルーナ,100,50
2002/07/11,8171,マックスバリュー中部,1000,100
